0,-0.12272965309051047,-0.12273063377436555,-0.12273161114399211,-0.12273063150650526,-0.1227316111440193,-0.12273063150652122,-0.1227316111440124,-0.12273063150649371,-0.12273014168573755,-0.12273063150648655,-0.1227316111439791,-0.12273063150644391
1,0.6472514213795745,-0.15536343472333775,-4.12391909744779,-0.2648751438926146,-3.0836441127481136,-2.640089700742773,-2.64011674339823,-2.6401167434016135,-2.646540886650249,-2.646905596373765,-2.646477854962303,-2.642565889656143
2,-3.9912601569793127,-6.4256759082846475,-6.659597743941997,-7.053933991219652,-7.854815540167632,-5.249166062927517,-5.258552675383241,-5.260773919138038,-5.258552675383381,-5.261062583292708,-5.258552675383646,-5.2841419726750445
3,-7.1052950301888,-1.441290979372832,-5.249828376712824,-6.475170591812516,-4.649821495991638,-5.158407234275292,-5.1604025008902,-5.15766516543391,-5.154400883940804,-5.157665165433749,-5.154400883941522,-5.14524369532405
4,-6.714199934186474,-6.466953008786801,-6.941666633038206,-6.7211896974055065,-6.635808041891329,-6.444907824129839,-6.444907824130707,-6.445330238232058,-6.444907824119523,-6.4449078241308975,-6.444907824129629,-6.435303134899106
5,-7.424447186075306,-7.443449246877126,-8.69373945626782,-8.711765116008698,-7.617944069414132,-8.715809364305816,-8.728148851177977,-8.721435461649309,-8.72588347112817,-8.715809364305814,-8.725883471128173,-8.725179269990276
6,-7.389175747200913,-7.348760879717711,-7.3388416715722204,-7.408519838959753,-7.320630211981262,-7.38930000791201,-7.388963309701985,-7.389641919287164,-7.3888020526595195,-7.3898212522502575,-7.388802052659522,-7.387530643915005
7,-5.999865231819051,-5.996588600159296,-6.0013855524163535,-5.983884084990127,-5.997673297962787,-5.992905072426756,-5.992466835729879,-5.993078635092841,-5.992482174362942,-5.992534207945658,-5.992482174362939,-5.992309522627397
8,-1.0322508202654896,-0.9557843745955082,-0.9871049829374587,-1.0490812092913209,-1.0057333516170157,-0.8934747390939771,-0.8934747390934483,-0.8934747390930351,-0.8945786388612568,-0.8934747390924762,-0.8945786388617648,-0.8939027088255681
9,4.624297190372446,4.6216502723300055,4.623478271731966,4.623223875947574,4.628695409039956,4.627140195607054,4.627043449967542,4.626969866841164,4.626920354489097,4.626738348381092,4.626946629347788,4.62718192073148
10,5.419473993519374,5.650640559390133,5.450141209494191,5.4357233523192505,5.739299425632977,5.271137558520791,5.271325523577279,5.271523221228703,5.271365411008951,5.271347497037193,5.271365411008948,5.271209788446749
11,5.4687077529364725,5.6368987744510655,5.241519704766905,5.241896817987872,5.097391473094353,5.01144516562262,5.011433213720533,5.012513230744004,5.012012820919019,5.011798056888169,5.01201282091901,5.011798061642715
12,9.918140682377713,8.385367553970944,8.55898709299725,8.309819158715833,4.569107835858156,3.4534222024498336,3.452602559318475,3.453422202449844,3.4526025593184624,3.453422202449825,3.452602559318485,3.452810845176679
13,-258.7846948089711,-255.31556266271224,-262.8867911464952,-260.9440044565671,-262.3974169955544,-261.89993533212777,-261.9577029905637,-261.89993533212765,-261.9577029905638,-261.8999353321281,-261.95770299056414,-261.89993538176344
14,10812.410753043454,10418.737483503368,10717.48165882085,10512.043324560409,10391.90558141648,10291.618194433677,10291.618194433679,10291.61819443368,10291.618194433682,10291.618194433688,10291.618194433684,10293.875703673799
15,-1286.2689428512465,-1313.5589093454364,-1326.0361517427277,-1325.6230222082056,-1325.579259024432,-1308.5292882057595,-1309.258973700175,-1309.11238206103,-1309.330461212817,-1309.4766346601054,-1309.3315595748313,-1309.3302578890969
16,922.4987783272306,890.2458015221547,891.9090586670065,914.790858691179,889.9938730753593,940.2286054602549,939.9917200639057,940.4019363180463,941.1964157023616,940.9844402502421,941.0111805345585,940.9844212776451
17,1608.392101482581,1607.2827505658008,1610.408269628061,1609.915898656254,1610.7207414690624,1602.6122513857554,1605.8016304339667,1600.110072676233,1605.0927908404099,1606.5203761283342,1605.4513659744182,1606.520395996729
18,-4231.614414377697,-4218.078642221002,-4229.762097783999,-4224.462126379285,-4224.831113752415,-4222.647184380136,-4221.706533717987,-4222.644860355433,-4219.826847095602,-4221.706036391319,-4223.581331686201,-4221.707739547129
19,-57.29158386355804,-48.92224906795578,-49.280991942506375,-50.72989032110827,-51.56860331233164,-48.82986453322371,-48.80602402137929,-48.820040281868806,-48.806307794644894,-48.80777071196636,-48.806307794644894,-48.80776325385055
20,2105.7408579391304,2109.29453668973,2114.158742818566,2117.135912368095,2109.394402713732,2114.573508074926,2114.339345346909,2113.635821547457,2113.8697062344286,2114.3390998138925,2113.8697062344286,2113.6363075523495
21,2050.7794099807925,2015.1528702886033,2012.2026413979454,2019.7652051965854,2012.8807430869495,2020.573254838455,2021.0247059683459,2020.5732845545297,2020.9098069809354,2020.9131882468323,2020.9109697189112,2020.5725608471007
22,2844.4907552317354,2823.132396364298,2821.4882019875076,2809.946084770381,2812.484424621539,2810.67287376048,2810.6754389844014,2810.5184350149207,2810.6765737250544,2810.9868012085617,2810.5186559927874,2810.9874591024063
23,-2036.2721767036344,-2010.739841988625,-2013.5455290036336,-2014.0616041768358,-2010.0459938294355,-1982.2173470369798,-1982.1046451360962,-1982.1097841222886,-1982.0496505955277,-1982.217575582144,-1982.049650595526,-1982.2726332858413
24,-8447.06228912789,-8487.161141622459,-8528.594733803873,-8517.983342656025,-8532.165192365188,-8503.883870420557,-8504.118112017299,-8503.883870420554,-8505.533318537875,-8505.533586855083,-8505.533318537873,-8503.882768972268
25,19227.081080866832,19313.08164065531,19271.230790554742,19303.888210375193,19357.111984155916,19423.06063631141,19424.140715405767,19421.986433895407,19422.00351551006,19424.140681721572,19423.06072428774,19423.599578990594
26,-45772.08470066539,-45772.26274470314,-45779.53430544597,-45730.2235658294,-45728.52233659802,-45751.68309455815,-45751.686954274875,-45751.683629369334,-45751.685792083896,-45751.68366070645,-45750.41640279943,-45751.675469897724
27,-4136.438255970565,-5319.739642003002,-5317.167170247644,-5131.040990781756,-5478.374236610029,-5286.845517165295,-5285.155034982306,-5285.431164703629,-5286.957709251814,-5285.431195072712,-5285.432181898839,-5286.075153208395
28,-25741.70673613747,-25054.796888274577,-25325.68375069726,-25304.068474054042,-25019.445993930996,-25169.108058709957,-25174.653499083914,-25180.421266324185,-25180.233811687907,-25174.826365503333,-25180.26830662192,-25157.744620095134
29,-209223.61337006098,-205871.67150845507,-205976.2564943686,-211004.89695122317,-208573.48721326297,-211461.13750913204,-211694.14943768695,-211461.1375091321,-211739.77852632757,-211319.9933422981,-211739.7785263278,-210805.08010262746
30,152636.8953693287,152897.77728994735,154691.49276791356,153958.05084332702,153943.09501545754,153867.05074601242,153867.04827730675,153969.85020987433,153799.20990220885,154038.10971113454,153798.69852851567,153935.63483453385
31,-383.2793924279265,-388.04065072210534,-399.8444590286003,-426.7581750277847,-501.9280078863979,-560.0240219664655,-559.5471832052401,-560.1097302069311,-559.9287476080885,-560.145030325328,-559.7360519048252,-560.1149791668641
32,-219405.60029106622,-220542.89395716667,-220483.51436943244,-220585.71129253833,-219842.3982292927,-219726.26999153863,-219823.88369977145,-219920.97008985642,-219726.4981161631,-219628.31342954334,-219628.61553395772,-219628.3335447434
33,57378.28940443087,57337.47043389086,57539.721196305116,57424.20467144256,57453.95846844357,57839.762299529415,57903.75767810051,57826.98908086622,57903.74036440975,57839.76229952936,57878.1234093784,57839.7608570872
34,54820.656579040435,54788.711242652826,54942.615816477504,54880.4355430979,54917.46168875873,54825.93265667526,54886.74875452978,54825.933840119535,54886.74914352562,54825.93265667526,54825.93132785376,54838.01221820994
35,18846.05510907933,19422.409596588626,19440.286937294717,18990.42732805506,18917.691419778803,18712.881763683377,18712.88058274689,18712.881763683366,18712.880582746882,18712.881763683374,18712.880582746893,18712.881591697074
36,-56754.373036013836,-56777.45096338559,-56748.403673369256,-56819.74684073678,-56710.46307759929,-56853.39144840371,-56840.75347845924,-56853.3914484037,-56840.75347845919,-56853.391448403716,-56840.753478459206,-56853.392447924205
37,-18744.00611630175,-18696.90916113796,-18811.601781171164,-18253.212931389553,-18926.834822428606,-18399.651052650413,-18399.65105265041,-18395.473436717893,-18408.015404756312,-18399.651052650395,-18408.015404756316,-18399.650332165147
38,98681.75186321106,98633.96728444056,98076.47945592647,98437.90041233193,98921.8193004133,97312.62902141555,97312.62902141553,97279.43204139202,97334.14146918918,97279.43204139205,97334.1414691894,97279.43205884102
39,-22208.93562977338,-22830.54609123166,-22588.74177036002,-22908.207413125114,-22795.5356828196,-22233.891199231097,-22235.202113393058,-22233.967944947923,-22235.16896300719,-22232.656908935765,-22235.168963007138,-22232.65475991206
40,15350.156143052012,15144.450142725811,14803.357321360267,15352.03072875361,16554.04714245983,16275.952428392735,16275.95242839272,16275.952428392735,16275.952428392746,16275.952428392739,16275.952428392733,16275.953683246647
41,-89624.87412883608,-90593.61558463381,-87576.4982840514,-88049.34900827169,-86809.3429629463,-88008.91784711496,-88008.91784711492,-88008.91784711495,-88008.91784711496,-88008.91784711496,-88008.91784711495,-88008.93916148458
42,-104208.29116391907,-104750.54826149391,-104141.97458783531,-104127.65721618143,-103915.98353969597,-102672.26135104346,-102672.22089205611,-102666.48664103319,-102672.22074787634,-102672.26135104394,-102680.80425101003,-102671.96757858561
43,680915.8526692246,673216.88677786,678643.8554254764,663264.1451368162,668160.4905817338,674744.3604139484,674762.9794611474,674781.8161368563,674725.5227184921,674744.3604139478,674725.5227184923,674781.8099944115
44,3.2020752441141296,3.1984546749947005,3.200333032390408,3.1997389035282833,3.2005599985265305,3.2019554067793923,3.201485192396352,3.200342755347129,3.2010080344776526,3.2016318612242363,3.2010080344776513,3.2016318612193264
45,6.708211234589744,6.703884200114109,6.707646408561727,6.707440009309595,6.7079690853849865,6.70517922128405,6.706600627498291,6.704378567238967,6.70649266541323,6.707418755494519,6.708337077950686,6.707418755491485
46,9.577480475650423,9.57798258149804,9.57906410358714,9.579012704122936,9.578519157289598,9.577932710011996,9.578786132866563,9.578124116555648,9.57818026118029,9.577611930247242,9.57789547486244,9.578213624098169
47,6.472880704910357,6.473257589132572,6.472548160815959,6.472514870283244,6.474229008968528,6.472542642968449,6.472618408384097,6.474144833320458,6.473673115071444,6.4737553163716735,6.472762006933749,6.473068525876885
48,7.054987545328048,7.055351219963393,7.054766429164257,7.05386364059093,7.053149367277838,7.053607926658939,7.054490645273461,7.055022340000336,7.054095245785831,7.054597373252035,7.0539856286160285,7.054735742262073
49,6.558887226879287,6.556874184602154,6.558412647610998,6.558065031515419,6.556671135234673,6.55680707262445,6.556944575069142,6.558098572281337,6.557457801811324,6.556966828489718,6.558237415287584,6.556966828486822
50,6.971336058953189,6.972213584258089,6.972238638969449,6.970353810942289,6.971274572314071,6.970149562527503,6.970366703802156,6.970626362767341,6.97132760444667,6.969890475864694,6.971327604446673,6.969890475861167
51,4.773770991655738,4.772961566480351,4.7730408926515695,4.770684660516947,4.7721358207704565,4.771659893300575,4.772845220214386,4.771411588568355,4.77099414813153,4.772557007908063,4.771413963358647,4.771089361065169
52,5.10781687329783,5.106447926263654,5.107647399834855,5.108745659720767,5.107430674912097,5.106496969861696,5.106918171593614,5.107268825611365,5.109211157125307,5.106496969861697,5.1092111571253005,5.106496969860158
53,4.025326953595567,4.024201764215177,4.02522124338462,4.02486314703961,4.025536906467334,4.025425204312581,4.025502643545439,4.024425961532508,4.025136124614201,4.024968550201528,4.02510335259441,4.024661117908698
54,5.058861411037613,5.058452070375738,5.05866471578616,5.059163016905292,5.058758915271982,5.059271245950833,5.058864582502473,5.059091608144458,5.059054155617663,5.0590902677008724,5.0588846282238515,5.058961505530347
55,4.1631484468664,4.163161288275377,4.163308324870596,4.163513651725772,4.163542122225951,4.163494311777886,4.163486601086678,4.163650842212643,4.163333080002674,4.163577364316223,4.163350330589832,4.163784140905551
56,1.9800640849336735,1.9804696394888488,1.98032418684644,1.980661645329508,1.9803788717256152,1.980048914389279,1.9801879173586623,1.98007336769725,1.9796642798852133,1.9798001981945657,1.979450932537072,1.980357917174719
57,0.17623161278065047,0.17632980171680246,0.17650893612428487,0.17671221929491132,0.1764805178254596,0.17690261189714263,0.17670241672675524,0.17626405138518164,0.1763958276583324,0.17660105369445556,0.17636307740855517,0.17667512622145076
58,3.732055063750275,3.731819170877471,3.7326951189147803,3.732340065758663,3.7317359463222672,3.732118103932323,3.7322856198684704,3.732118009101876,3.732285628152635,3.7321181039323226,3.7325950247571766,3.732118103924858
59,-4.077801350783493,-4.077776626056534,-4.078423032008603,-4.077888750953459,-4.078461504112252,-4.0775875678655416,-4.078355343783095,-4.077598514700979,-4.077972781432875,-4.077926804528516,-4.078239696263673,-4.0779268045196355
60,-2.399476926701569,-2.39939666560822,-2.3994189726661785,-2.3994294053556713,-2.399544960573853,-2.3993940859757625,-2.3995517428787285,-2.399522951925488,-2.3993927659841003,-2.399349931877471,-2.39946788428267,-2.399415252391976
61,-1.3211758297422522,-1.3211459627357942,-1.321167666283138,-1.3210150073939542,-1.321024155007522,-1.3213989487763225,-1.320938788437849,-1.3214506865001234,-1.321218359970689,-1.321045834208964,-1.3214368718119467,-1.321045834199689
62,13.867605380044925,13.870261081181592,13.871638190435874,13.866319146535002,13.868824699260927,13.867897010928461,13.868344144834982,13.870267183169922,13.864236921153394,13.86789701092846,13.863073227514004,13.867897010917673
63,9.39763509043907,9.396280602339859,9.396895490167951,9.395803348506576,9.397102325825525,9.395914311996748,9.394133915115711,9.396605897608419,9.395283030332019,9.395437988129302,9.394582397484834,9.39507629272513
64,-0.2544110817312998,-0.25437701499526044,-0.2543756796062633,-0.25427741802962,-0.25434824437031567,-0.25516043856641346,-0.25468648012227946,-0.25465736949369944,-0.25468648012229356,-0.254657369493691,-0.25468648012229156,-0.2553554383219975
65,-20.332520200769533,-20.333120022260996,-20.331433354151528,-20.333510865153663,-20.332355125725222,-20.329216664513275,-20.33808850846539,-20.332491535186254,-20.332391377984013,-20.331452700495685,-20.335903242932588,-20.331452700501053
66,10.919771296482224,10.922391093870594,10.924795476884313,10.924499076544464,10.918999089911605,10.917792844293908,10.923117278821742,10.92128204665795,10.923719982426714,10.921203334515582,10.92054456543037,10.923624481002664
67,4.430527737934391,4.4305726625088795,4.429950336594145,4.4306450350946225,4.430909129194944,4.430526453257857,4.430610917033248,4.430408051466163,4.430298723050324,4.430073161206639,4.430526115558786,4.430547668889747
68,-14.137958673696158,-14.135441629279834,-14.138090854827041,-14.13635854451152,-14.1388441770203,-14.137898246070247,-14.13550082483194,-14.13553907404235,-14.137065687048716,-14.136332049282412,-14.134706082536356,-14.136332049291568
69,6.881370665787806,6.878789532347927,6.882101567136775,6.883159352843132,6.882135622950631,6.8790714369780535,6.882236951340847,6.883605690458598,6.882149678527126,6.881585273226475,6.882880178796533,6.882347891929888
70,8.21850850741135,8.218375625005933,8.219215802769247,8.217033997717689,8.219082656251505,8.217981935866016,8.218292938128519,8.217981848886451,8.218300422937553,8.217133274175628,8.218300422937553,8.218724544708913
71,6.992180646498998,6.992541607299445,6.992876477930549,6.992059084106297,6.99250069759381,6.992128204690285,6.992886507673914,6.992209089416362,6.992504620472353,6.992562608857149,6.99151797835871,6.992295190249943
72,6.786031906771164,6.784002969286059,6.784207378936047,6.7841692793063615,6.784808397739977,6.784095549735769,6.7845253470319795,6.7860251155956615,6.78432255467828,6.78433071957109,6.78432255467828,6.78433071956843
73,7.902894092611414,7.9013083405771365,7.903885708535693,7.903888919581545,7.904421924965556,7.902543436026631,7.903030298205703,7.900946692789892,7.9009897669665365,7.90281313002175,7.904016612959733,7.9029502121763375
74,7.910552707804403,7.91193400678511,7.911634190695649,7.911809307621507,7.910332373338781,7.911744482073592,7.911901889396862,7.911744078667456,7.911969935919293,7.912098628513039,7.911969935919292,7.9122872720600155
75,8.234637129632382,8.234072126570393,8.240789088737237,8.234757110187847,8.234612958970843,8.236764047869583,8.235009883949171,8.237337278532681,8.239063316521037,8.239349536742939,8.23715877102812,8.239888622767516
76,12.1782787912997,12.182211265650082,12.173858175728725,12.178031014617929,12.181283943420521,12.176576879377636,12.177338425223986,12.179761374707915,12.181050581974574,12.182381808383855,12.179394221128078,12.175904860061369
77,4.9305615159473986,4.929856108959804,4.932286480816907,4.933503242897871,4.9353660255470615,4.933074456608017,4.935406836919613,4.933577107751339,4.932144721161077,4.9330744566080185,4.934391514606053,4.933074456599803
78,17.336902677209668,17.335758808025506,17.33376207127195,17.337131360897224,17.33568201238439,17.33488428941677,17.333216959686503,17.330736885863054,17.33383222247818,17.333932658569548,17.33383222247818,17.33334432625238
79,18.06345196167201,18.07409118122193,18.07015423124774,18.068700948365684,18.06741782135582,18.070399879750052,18.067467248833346,18.070912078663657,18.071954240978663,18.067223871136434,18.066023680429893,18.067223871127908
80,-12.655336660713928,-12.655035294209775,-12.656037345194072,-12.655354064456894,-12.653028421458393,-12.65404468664977,-12.655821424238729,-12.651674897629517,-12.651229489818009,-12.654044686649769,-12.654457459418632,-12.654044686620313
81,7.327866712779441,7.328120528142296,7.327495041257588,7.327931924629212,7.328334808115656,7.328041594076213,7.327285961226639,7.328402944715374,7.3278245989514685,7.327624707571739,7.328146741306211,7.327469235370087
82,6.64763387871641,6.6474398706455435,6.647372957033996,6.648172305917681,6.647550752922223,6.648507710561573,6.64719819704905,6.6474580752215155,6.646931327976757,6.64850824602326,6.646914994564433,6.647990126775614
83,-7.30697482603252,-7.3089503827113615,-7.308317393360792,-7.3087597817582495,-7.308566832584651,-7.310915251354425,-7.309144039607344,-7.309693757852839,-7.308263849462238,-7.31091525135442,-7.308263849462237,-7.307790973550784
84,0.1157659284346404,0.11516252879921973,0.11560134047967408,0.1164895793801417,0.11521171769291083,0.11400545487285241,0.11519493177139806,0.11580256637553665,0.1163431038681968,0.11734626945897464,0.11564169190064977,0.11734626945270188
85,1.492963802941727,1.492695661361802,1.4927600547956588,1.4930337396843547,1.4927265311335487,1.4922749989954254,1.4928229802330084,1.4918101458816553,1.491943586026966,1.4929232399873418,1.4927510680187526,1.4932759590436226
86,5.676231265354849,5.675050228239268,5.675334308842122,5.6753777978488085,5.674686703993006,5.676022722576484,5.674755125624119,5.6753931139894345,5.675281970387065,5.675112474404832,5.675484093929394,5.675602942420918
87,21.089009313134554,21.0714039886997,21.08527168588238,21.08539094480469,21.091807930773246,21.076624267322433,21.08628973991324,21.087979211493522,21.08809195934302,21.087202210970066,21.086189468064127,21.06646142826418
88,30.497746377838904,30.49970432581845,30.49147554949409,30.50257550615488,30.496682192076243,30.492465475097305,30.497149894440774,30.492465475097294,30.495734549659606,30.492465475097315,30.48622769433047,30.492465474666083
89,-21.861471860326706,-21.854897240670137,-21.866168162253302,-21.855494342459192,-21.85597215757026,-21.860311922526687,-21.85550473877309,-21.85879702670799,-21.855504738773092,-21.85875970526562,-21.85550473877311,-21.857892537258476
90,-16.393140934650035,-16.39616711688425,-16.393977335896,-16.39145140401491,-16.391998319087623,-16.393793471983255,-16.39561375672951,-16.392090846613236,-16.391369940465317,-16.393028693674662,-16.391752509463828,-16.391557129719644
91,-83.31849437451784,-83.31555967364766,-83.31139857950119,-83.30946051036507,-83.31566238963299,-83.29717650697398,-83.30672715341986,-83.30146304354993,-83.32123992677737,-83.31057895038833,-83.3212399267774,-83.31082551308737
92,-180.40417756399873,-180.38332268590383,-180.40795657471145,-180.3942752025634,-180.4155998994396,-180.38852451939184,-180.4137099947617,-180.39859751433315,-180.40363533389922,-180.40865638940906,-180.40363533389888,-180.40865638383164
93,321.8109107459479,321.77593953251784,321.7734912787689,321.7815520590687,321.8119534452573,321.79296107253634,321.7929548672935,321.8019124826087,321.8019000408636,321.77502100996037,321.80189933354404,321.80192708974005
94,21.15142301050253,21.1565293509968,21.153077872441003,21.15462879746179,21.153701335157944,21.156038213254714,21.15524349917328,21.155502054430617,21.15422496463342,21.15603821325471,21.154224964633386,21.15598873878901
95,-240.33344236783546,-240.31444387644595,-240.33783694967963,-240.3342708416222,-240.33460476244616,-240.33109783055443,-240.33109783055482,-240.33109783055417,-240.33109783055485,-240.3310978305547,-240.33109783055448,-240.33109783091902
96,61.818849918727956,61.82216821630857,61.82362585289681,61.81645957825282,61.8260806969622,61.82253556748195,61.823059042120185,61.826412920245815,61.81566776017994,61.82306291958355,61.82516734535615,61.82313877664143
97,92.858084479659,92.84923347848577,92.85700278555846,92.86680240037873,92.86401788141602,92.85564619608047,92.85304730575875,92.85564619608024,92.85304730575838,92.85564619608061,92.85304730575818,92.85840757085458
98,-6.210805785766582,-6.210387501509968,-6.210809371529608,-6.210039402886571,-6.210418211407639,-6.211704574080409,-6.212149786915058,-6.211571277100797,-6.211824510506876,-6.2117823353166175,-6.211749521735044,-6.211797672344399
99,-6.137635411894052,-6.138220602265353,-6.1385567306980215,-6.138517947790339,-6.138195654502541,-6.1375509899925955,-6.13786978757738,-6.137794184771728,-6.137725521668871,-6.137630360165747,-6.137725521667338,-6.137709740129438
