0,0.0,0.0,0.445,1.0,0.0,0.0,0.0,0.0,0.0,0.0,0.0,0.0,0.0,0.0,0.0,0.0,0.0,0.0,0.0,0.0,0.0,0.0,0.0,0.0,0.0,0.0,0.0,0.0,0.0,0.0,0.0,0.0,0.0,0.0,0.0,0.0,0.0
1,-8.588155627057801e-05,1.738300018509492e-06,0.44452115422435823,0.9999982557344623,0.00010374863081214346,0.0018648763382599623,-7.052054130326464e-07,0.0008852789205836907,0.01772630591429978,-0.07435543303749845,-0.0014143951404979136,0.017731367457851255,-0.07435481342071107,-0.0009768552885602395,0.016973483619090027,-0.07442578447826466,0.0004425202297992411,0.016977576396413563,-0.07442526529294533,-0.01818623124037014,0.0002584135561336673,-0.07971681249526875,0.030437101527086983,0.6162748171271195,-0.00024147280620353875,0.14405572206687586,2.469197590845898,-10.948732070996249,-0.2214102180050739,2.47028991247467,-10.948614315459707,-0.15481174689051452,2.309440308729789,-10.96321133758271,0.07648839212547812,2.3102595544277773,-10.9631205136464
2,-0.0005162073278672782,2.401783183844372e-05,0.4432397831354941,0.9999763399198606,0.0011131066163210222,0.006785608240896765,-0.00019003931476609082,0.0023698256289272288,0.04406992162170321,-0.20722107509557966,-0.005978959827272142,0.041565599865718464,-0.20700410349173304,-0.006991743435459558,0.03675108936875222,-0.20743889985900488,-0.0012949647381063853,0.03649150258622218,-0.20745267725578562,-0.059094222333277206,0.003270352084031794,-0.16148257635100946,0.2783120337152371,1.1860712264910762,-0.0597446871868916,0.16708249740959952,2.5800269940011162,-14.1256106647411,-0.5561658601395848,2.199395525554463,-14.091872079855046,-0.8358915758238095,1.5801820597212277,-14.144006285592976,-0.2921092524138669,1.5387880938549665,-14.146096200856457
3,-0.0014273599973318452,0.00012067366130014687,0.44112065170444853,0.9998777677515932,0.006260773594359351,0.014317597569200003,-0.0005085960451524295,-0.004091402375772332,0.05955540204884685,-0.347449521256991,-0.023337269377559807,0.05378490036802237,-0.3467563704165862,-0.025825981497898262,0.04088982023001673,-0.3478924100316689,-0.012635710233145888,0.0403458886262718,-0.34790232657952797,-0.10939792049254507,0.01278014524566768,-0.24634235621407632,1.3785441274971462,1.670475224728748,-0.05865355432239213,-1.020848699355251,0.8703225369685927,-13.63335950604826,-2.2975027315644567,0.5855895011502811,-13.579813087449525,-2.362863988912627,-0.3236026853978216,-13.65327300231602,-1.5247229905039819,-0.3442925535029863,-13.651931115135037
4,-0.0026501643015710103,0.00028211111961041243,0.43812435349609713,0.9996246557270869,0.014957405817003323,0.022935628528618777,-0.0008835257352372556,-0.020862717835888375,0.06376959188490261,-0.47203693603939556,-0.05087401761921147,0.053942691364276305,-0.4710158029744515,-0.05306864147945145,0.029430157238805228,-0.4727410032168769,-0.03195431636791932,0.02876621728688622,-0.47272704914398606,-0.12908568901641587,0.01777775665585695,-0.33565346082562475,1.9075868754510457,1.7411017678163982,-0.06361488958430381,-2.017407744398916,0.10889291543371514,-11.576024001778707,-2.9624914517770673,-0.37787386818331703,-11.555337491234203,-2.864853591703357,-1.633325668272562,-11.59983302342436,-2.125523376039284,-1.6415328162747407,-11.59726458359426
5,-0.004070673553632349,0.00048180479286240763,0.4342266112888307,0.9991599682859833,0.025618570912078985,0.03195548267321869,-0.001376127282046677,-0.044557302513042275,0.054936212602564205,-0.5737704941596016,-0.08326881368287739,0.04206414456067134,-0.5725703903846808,-0.0844124815820878,0.005658617382946784,-0.5745018067709055,-0.05653305487546832,0.004942751236394671,-0.5744636581049367,-0.14859340751983174,0.021021893879568754,-0.4261548212520524,2.2368793698245497,1.8273823309942174,-0.0862780023196494,-2.5489546776120924,-1.4629309159875605,-9.229571919378479,-3.3595980897733515,-1.670282335336417,-9.214793539868092,-3.242771748939141,-2.78858626762154,-9.220270735339527,-2.6283616266914187,-2.7925334584925947,-9.218171234912498
6,-0.0056573670405665934,0.0007266918892442817,0.4294079394251753,0.9983961134026584,0.038662930552938644,0.04130202833852624,-0.0021262640115676684,-0.074536950018139,0.03250708950226016,-0.6528470346669891,-0.12192812854409998,0.018494787407857906,-0.6516209444282223,-0.12205401965503507,-0.029111200146531967,-0.6534760670494663,-0.08880768120300653,-0.029898244252791688,-0.6534178275956531,-0.16365686618657682,0.026140247610411962,-0.5190895854185344,2.783709444256791,1.8835792484532268,-0.13321197024964726,-3.2035116208891083,-2.6751532770099207,-7.058375621206241,-4.093651019113349,-2.736898498988995,-7.0625963569834544,-3.9971046100540875,-3.8493885405580515,-7.047347599220817,-3.525001418493038,-3.8575680876622407,-7.045687798033727
7,-0.007310141415635581,0.0009878289983337024,0.423671746631576,0.9973525947816257,0.052287197536358444,0.05044056555138601,-0.0030983871621848257,-0.1068558067334136,0.001741159497975462,-0.7118189343175967,-0.1617619224312313,-0.011918738257273288,-0.7107002124957813,-0.16078920908929634,-0.06953484366898077,-0.7123113173274535,-0.1242069785296276,-0.07036762210362599,-0.712246361858288,-0.16585356335084617,0.026225557246398128,-0.6097371666426449,2.705116259412964,1.7916680754103227,-0.16426618615113292,-3.2545807516715177,-3.286078466285219,-5.17760536748459,-3.92204368509712,-3.1867257092017494,-5.1913286707043875,-3.8027878718791412,-4.132762203348235,-5.163228130909899,-3.55749521641847,-4.13490889588253,-5.163000411932114
8,-0.008932831391066813,0.0012375962741484523,0.41705062403411963,0.9961804107299906,0.06442663007406421,0.05879299676264468,-0.00414513531658098,-0.13663132020586333,-0.03086963661622151,-0.7542930899012588,-0.1969852867461817,-0.0424271992559005,-0.7533858498854605,-0.1946491683875604,-0.10948807446796226,-0.7548302895650665,-0.1571010572591964,-0.11029049395361991,-0.7547539450003378,-0.16065320986952727,0.024803387799184756,-0.6961267161446247,2.3113685511714634,1.5995415011081748,-0.17832160880069478,-2.845573758975432,-3.2068540275804684,-3.716214031273039,-3.32833115258852,-2.905418050222719,-3.7551929482588613,-3.186390385606999,-3.8895350413146774,-3.7621954757661196,-3.168790700852568,-3.8834706347985226,-3.7571922513769516
9,-0.010399151040695406,0.001433724431155836,0.40965287029425135,0.9953024248316108,0.07126628878123832,0.0653430469930148,-0.004948274177115709,-0.15364586626005575,-0.05431022004311066,-0.78339837424931,-0.21745633173110077,-0.06203250820858529,-0.7829480317887296,-0.21301876392693225,-0.14048707642652844,-0.7841603419404003,-0.17722261747394927,-0.14112139001720583,-0.7840768872317264,-0.14140701418725699,0.018732300144376258,-0.7643311986607882,0.9234673543832389,1.1192624744745354,-0.1467707764191198,-1.1573017027874497,-1.7767369085812343,-2.4416062263091254,-1.425026480835673,-1.4131886859991736,-2.535002730363664,-1.1962692051166397,-2.6359706337099325,-2.4534883527503752,-1.464462407506773,-2.609890857657496,-2.4540836560793826
10,-0.01175819792606573,0.0016023880845329103,0.40194618537045024,0.995295062097132,0.06907365897932286,0.0677599794690144,-0.005015394563872506,-0.15123487787642612,-0.062321271899347865,-0.8023834942229259,-0.21663628324816916,-0.06628911509302472,-0.8058263497669781,-0.20595612088634085,-0.15369575729472076,-0.8022706694945351,-0.1759747745138875,-0.15383649042968248,-0.8021807562314184,-0.14201299508219162,0.01862549741650001,-0.7599781865700188,-1.0917344016663006,-0.003981623509570257,-0.014057431784372144,0.9130605190876662,-0.1583259915817432,-1.6866047243226743,0.7997696434724453,0.3599165880835875,-2.4974334279097143,1.5927008915606178,-0.5452476202512022,-1.4503251213421449,0.8540784319837629,-0.47990080576956357,-1.4487505602685609
11,-0.013477008296361736,0.001805115232181608,0.39483450057331027,0.9961180497761429,0.06085730892157711,0.06345595761337125,-0.004308167170112492,-0.13600783533378188,-0.05115931136734671,-0.8248528502054985,-0.20212938966143046,-0.05146767539062576,-0.8341979864622135,-0.18247461287963687,-0.1489432152284076,-0.8127998621045369,-0.1612473069021628,-0.148404901048689,-0.812705586461499,-0.19656568797870375,0.020269998807047582,-0.6745634476484307,-1.8729647169662682,-1.435459928213462,0.14995093519279318,1.7835447317777025,1.9558322800621137,-2.725812177320995,1.7395549120638614,2.0811564355164274,-2.8528308845508827,2.6508797481745408,1.0638068469933295,-0.832746084214963,1.7276831641833499,1.1252144924669798,-0.8338342670182249
12,-0.01584134302440237,0.001976916351695309,0.38852730863436225,0.9972870410494464,0.05123507766623197,0.05274924551593012,-0.003322900671645006,-0.11694277758388133,-0.023503746134193274,-0.8544318631680304,-0.18297893057214795,-0.026846101582403362,-0.856299637409662,-0.15517076350365072,-0.13249373297878242,-0.8189146139144213,-0.14279407382752163,-0.13157026549112383,-0.8188543687949305,-0.2611888096984989,0.014085623757183306,-0.609093747889215,-1.94008200551767,-2.556955384570846,0.2279300976066635,1.9484985235880963,3.122305886216212,-2.8680989556002654,1.9939592175510994,2.579591588297727,-1.6296698890716796,2.7377367699495134,1.956734959405932,-0.4904133141538311,1.898621598608311,1.9786561551924104,-0.4949844747985012
13,-0.01875242885654028,0.00200272653241971,0.3825220186810252,0.9984574162048329,0.04075448538246757,0.037596816293757204,-0.0028877935092163883,-0.09446313497371368,0.008775675363508418,-0.875023511991456,-0.15951448111462932,-0.001455521503035615,-0.8636351924887701,-0.12863998432800733,-0.11153869678515418,-0.8228312349952076,-0.1235030517905431,-0.11082728987848665,-0.8228246753327239,-0.3077862500995242,-0.0046077983165713,-0.6028618776834869,-2.1919588488608994,-3.303085705120053,0.06471586802558796,2.4293423484890284,3.2135540341803774,-1.448383907049675,2.5572986386648258,2.474133700514473,-0.1602070926952099,2.591339323079929,2.1553250994335764,-0.33527752499614716,1.9426685116772224,2.10917764744358,-0.3407010836723719
14,-0.02267691622317881,0.002312784295999106,0.3754570429899559,0.9981973211488927,0.053237108977486784,0.02747953133452145,-0.003576819331155408,-0.13064264934705955,0.01849517981539986,-0.9861700724923634,-0.20182567488814565,0.0024328887492187333,-0.9687043892411152,-0.17683573342837847,-0.11093271680476233,-0.9231072379624711,-0.1596670962062954,-0.11068733685643772,-0.9240234469875102,-0.44219553245568766,0.04689012282013968,-0.772103290988585,4.640924982419217,-1.3069066335890382,0.001115411366316985,-6.457644397633127,-0.9178123195916095,-15.224980921962171,-7.35240026699572,-1.39586077516825,-14.899278592835124,-8.225922202613278,-1.590024077867796,-14.28230296842711,-6.157889383311532,-1.6453607361010765,-14.38712168129684
15,-0.026475745866437486,0.0023104039698547485,0.368100381836922,0.9988572676900412,0.0458290798364456,0.013074657622508923,-0.0035927081962079635,-0.11049428236247784,0.01615877744291459,-0.9584993085578433,-0.18729125793395357,-0.0037066487005899093,-0.9389299797924325,-0.1593058671234461,-0.11965253738462855,-0.8952988837199529,-0.14845964561626104,-0.11996020362377907,-0.8960719915707525,-0.3355988906929637,-0.021485803058895674,-0.7289225240772893,-4.264381087509118,-3.752000501513013,0.18412172935807206,5.810855994102312,0.951022767355431,10.527041975858587,5.531063587273817,0.6383887156846026,10.662230468165353,6.322732129737008,0.32742800228721425,10.168389901815893,4.4683203607600985,0.28078939560328936,10.211278411145019
16,-0.030363529837438504,0.002522322753803545,0.35933182802636415,0.9986110853450507,0.05253903552416512,0.0013702805022264778,-0.003697607809670183,-0.1322326718376815,0.014508021655911236,-1.0091845530560022,-0.2122797728552667,-0.007015929048103419,-0.9898349391438809,-0.18730885257576083,-0.12339954538970417,-0.9446175322852811,-0.17023871689208073,-0.12411908625584772,-0.9460323821578975,-0.4270299160996303,0.04044925636224594,-0.9599017991081803,3.9119421110266153,-1.554531667236157,0.045939394324321446,-5.782032083068126,-1.4723399803707988,-11.813582795161473,-6.2025634402813985,-1.584664107068465,-11.871703599522375,-6.965718754049694,-1.467861116988482,-11.468147496180228,-5.223196378956934,-1.5138956261530083,-11.554507696762222
17,-0.03406694222217565,0.002491335168718065,0.35008218049836326,0.9989636215670727,0.04317333907564202,-0.013915008434436283,-0.0037574085386094347,-0.10927643346873635,0.011481646763054229,-0.9650324798421457,-0.19094000586436488,-0.011514470895778312,-0.9453801083081282,-0.16249595159321711,-0.12840411788743097,-0.9027271048800133,-0.15357293387045515,-0.12962276703631417,-0.9039573178089674,-0.3291413312018382,-0.022806639079575697,-0.9185965498112154,-4.4966688329961055,-3.888989081706957,0.20997715763332125,5.919956107941329,1.0352768831738641,11.450240826648345,5.979943239554161,0.8926036514590215,11.495062784172433,6.7859516426282775,0.7404409863111154,10.996819084734947,4.8315488388898284,0.6964786283046623,11.0410750221251
18,-0.037182476350054824,0.0019373741324222242,0.34156139429984494,0.999269706215779,0.01191267185134003,-0.03605247910138367,-0.0042850016844233315,-0.030255114997706316,0.027818438657288287,-0.8227887388302135,-0.10574457203083473,0.013405600210690496,-0.793113608835613,-0.07585731981392611,-0.10629219476356923,-0.7971359427149427,-0.08457688802297231,-0.11023762779682561,-0.7714852684117949,-0.3653489590078401,-0.09019690851089134,-0.688639749001006,-6.811805717488549,-4.185506250952966,0.12004379723434355,8.220455483405187,0.7660183823237119,13.092931128658348,9.275308744690891,2.774441112516153,14.091240942900727,8.640992394042676,3.215478712729081,4.802818319888488,7.448143834740862,1.8866194504447156,10.398877860372213
19,-0.04151479485843797,0.001525714456877115,0.33326004046034,0.9987276095768998,0.011468672486961493,-0.04895451000962053,-0.0038842463766694626,-0.03868826706849457,0.02922383465589437,-0.8626902356442032,-0.10901485067157482,0.03132998964482709,-0.8266001906451691,-0.09019987760400244,-0.09293086035684342,-0.8729556982872198,-0.09021162596423205,-0.10151194724329947,-0.8200718907555483,-0.48261081349960316,-0.018203895223953936,-0.9068712659232909,3.0243176508994116,-1.7204690778717096,0.10717857497667703,-4.843321605547981,-0.8795857265541465,-11.409784887782472,-4.782962420092308,0.5423198357363799,-10.90951889517482,-6.099855183158142,-0.31715784981190714,-12.91284763589077,-4.237538953719509,-0.4084342248537963,-11.415461303108087
20,-0.04687481683983275,0.001504004997371541,0.32312042195163215,0.9978760235264469,0.03741313916414985,-0.05328052175191202,-0.002210133654909121,-0.11742423890210822,-0.004183647313521827,-1.0238328442083515,-0.18965328086738306,0.009889745007397427,-0.9841243077453693,-0.18649450855590322,-0.12303010930752126,-1.0379444459018747,-0.15955233643087022,-0.13022931536750387,-0.978141744641838,-0.5633543675404333,0.00409779831145778,-1.0844333952721075,6.170223909348955,-0.3849252697986038,0.04837075159026878,-9.306586052927093,-4.989018694844553,-18.1817482175811,-9.56858008510297,-3.9332989775192346,-17.87262795613748,-11.259199663478736,-4.71141673407109,-18.1532720704023,-8.19173074949287,-4.493287920439516,-17.776608966688773
21,-0.05192878335453449,0.001017831919624158,0.31283173568693884,0.9973568535249028,0.0338061923533616,-0.06428128370618018,-0.002089174611515527,-0.1136893892127798,-0.03726361898884194,-1.0137927620711424,-0.18624229566258632,-0.016357994142082652,-0.970727749483525,-0.18334180467039268,-0.1554256252007076,-1.0329703928444764,-0.16025112344856005,-0.1622759988199393,-0.9699430184414033,-0.46361879780487886,-0.07199668980784729,-1.0086502413346108,-3.824636923689065,-3.1929852412321313,0.22764870153158054,4.751443450883281,-1.4782753917003866,9.30423392842715,4.91802232802198,-0.987326741386514,9.595405449031691,5.6388506269796075,-1.5446331397285151,8.62199026004259,3.650963637968522,-1.5937737815762338,8.86634540858912
22,-0.05647557416461364,8.722185096496539e-05,0.3034666240086828,0.9965374137739555,0.003229570793663406,-0.08299750598628494,-0.0037638838000298145,-0.035414709145129425,-0.02784282845388644,-0.8645693074887665,-0.10376933781909496,-0.0035649262602257506,-0.8192645714058538,-0.1023044771115295,-0.15495963010650074,-0.9431578850614932,-0.09675649399084692,-0.16613189342891696,-0.8581636101985969,-0.5116250327382501,-0.10275269374336463,-0.8155559782677755,-7.189195494548169,-3.493495342235664,0.11269110578774505,9.242184985470049,1.9375275067480764,17.34192099222575,9.737761793818656,2.2081291632600446,17.53139794153487,8.611331266839873,0.7162953727380784,4.396358029731949,7.456093196084171,-0.31408065948092284,8.65053347367261
23,-0.06308490580998644,-0.001044757928624769,0.2977477737704066,0.9946126729259578,-0.03755144149412567,-0.09633215465440507,-0.007458959473908906,0.06314660307959075,-0.017190996730194166,-0.7395811591703702,-0.0004908732993817246,0.018895144421165442,-0.7142558322803708,-0.01120814128120182,-0.15000464477936803,-0.9487727397387771,-0.013441487297089426,-0.17455083862283352,-0.8084676430883083,-0.7588278593594576,-0.12682962423001803,-0.41215306656263023,-8.62203328384386,-2.4348225874570746,-0.0961743500210807,9.911146462931075,0.4694426567465723,8.255217230023673,10.34142540740158,1.780854867759315,6.74044117063657,9.378115481526798,0.2414506342258098,-2.6603680141215382,8.75946892872073,-1.1217766921678447,3.341419362255121
24,-0.07111400770873282,-0.0017689141694594629,0.29228245904765543,0.9937069554921619,-0.04577004633741495,-0.10193675157881112,-0.007777412315647102,0.0646129742442602,-0.020541247204243007,-0.8026571526043815,0.0038410154413438965,0.025154014500178262,-0.7844390777630068,-0.02560054045414323,-0.16762720759633468,-1.0620020054033201,-0.012843583300212767,-0.19420076379638668,-0.8947580203747111,-0.8334854242953526,-0.04791639199803797,-0.6266541588317598,1.5314788231989445,-0.4414743885033795,0.1316502468285559,-4.304749007703575,-1.4771400236932968,-12.539035936764195,-4.135682773341315,-0.6969247499187837,-12.889727952461216,-6.419722817728528,-3.3080704903732316,-15.134471659453475,-3.9162582352645714,-3.031682659070253,-13.757125320290605
25,-0.07975978421248699,-0.0021045006452002535,0.2849225064431715,0.9945250053891209,-0.027265181361683346,-0.10075211599512457,-0.0050630685939177245,-0.011546244101253936,-0.058007732859918275,-0.969315379415025,-0.07152118173303565,-0.006149166545276897,-0.9520077568020116,-0.12635929159400036,-0.22356699870450522,-1.2404015095610135,-0.08165554584854137,-0.2447654504849505,-1.0665050423155027,-0.8785476534645718,-0.029154018603764854,-0.8068110675665521,4.696603471836177,0.6243618439210542,0.1680299325073452,-9.175454819064997,-5.249006571540158,-18.501762766852785,-9.108275536981884,-4.716963526173056,-18.471062235189923,-11.738187900481513,-7.017585492346811,-19.0981704772705,-8.279918655358546,-6.382228604955794,-18.704232755919644
26,-0.08816059081334254,-0.0029017102674320653,0.2774777677375293,0.9935550371384776,-0.037731230826894925,-0.10674191673328016,-0.005559281351903396,-0.0072776500526944825,-0.09384659792229266,-0.9607167700582232,-0.06637144883447758,-0.03935876976246533,-0.941800657971367,-0.11972408644403226,-0.26824950192531877,-1.2429436947980195,-0.08518734232584743,-0.2902802792504751,-1.0652065998323075,-0.8090524574378203,-0.10076356549598191,-0.717858476946017,-5.142117719760321,-2.2203649570017876,0.056013053510823425,4.774640282143684,-1.7480195930594058,9.211820844848182,4.9540338404748665,-1.6111655803258524,9.37275567699862,6.327535066724383,-2.248743365309483,8.046452804032468,3.2919794228763095,-2.645099078101959,8.323363402457314
27,-0.09618714776662218,-0.00356450637945277,0.2688106460223727,0.993005928228278,-0.037467832169773334,-0.11186329845702717,-0.004689404472578651,-0.036692901509517255,-0.11533164153635304,-1.0199618010151066,-0.09189539903671273,-0.05849882230052009,-1.0005242283042832,-0.15224050450716708,-0.29834172958993693,-1.3034812361179924,-0.11509279229972769,-0.3187931683842832,-1.1258511296699507,-0.8084233503945905,-0.05257123321149259,-0.954473064204561,2.4064963858263266,-0.3900862251610459,0.15084806836074796,-6.424679823128526,-3.069087761783846,-12.429083033681712,-6.019062794835761,-2.807363631303188,-12.391611157328862,-7.570810406439179,-4.007097514507449,-12.231699968148106,-5.855838110630984,-3.619724367648533,-12.286977179823541
28,-0.10434643064066632,-0.004068938902756953,0.25813488874222434,0.9936864505801314,-0.01784628445223967,-0.11074699933116888,-0.0019621936325969203,-0.12666590753138168,-0.16655669594267156,-1.1872709155230436,-0.1778791669505265,-0.10709082988502946,-1.1669782652647445,-0.2582969855000097,-0.358224844427626,-1.468288222082016,-0.1951869805091146,-0.37341499711157145,-1.2904311750403281,-0.8169109543248227,-0.05340656804945544,-1.1384465805058488,4.6120060570147405,0.5531826037814522,0.05610409765994233,-10.209746105312647,-6.505652531355136,-18.632629097463255,-9.790299853710303,-6.243274306298048,-18.508727844135556,-11.933816965578867,-7.304811860155413,-18.403405100441688,-9.042091532519406,-6.7195646558507,-18.3203452319434
29,-0.11238845286204481,-0.004740500703232968,0.2458131300995831,0.9942546164475365,0.0067181232306148435,-0.10682933196031348,0.00034398536873134477,-0.2386030152641481,-0.24992072667091758,-1.387160927725772,-0.2845506193899146,-0.187786693657189,-1.365129740367238,-0.3850360248546569,-0.44852829869334615,-1.6668157853045806,-0.29474134928612683,-0.45754128095732804,-1.4873601114449486,-0.7913068329181887,-0.07861912572141994,-1.290412321743125,5.022874893096881,0.8840631491674272,-0.16698070607363916,-11.681049708370034,-9.442147226924291,-20.61582671214785,-11.068275578643366,-9.170346602361377,-20.41523338029826,-12.897081761165596,-10.069981275432642,-20.548568900563424,-10.448394984555383,-9.444252483018927,-20.34575445595546
30,-0.11997833365754548,-0.005733339981205222,0.2321999430188901,0.9942230624036436,0.03155199844612562,-0.10258009323904761,0.001515932005514837,-0.359655707649702,-0.35709223777400534,-1.598107191188333,-0.3979782693794497,-0.2921692858210388,-1.5739151173137533,-0.51147372813188,-0.5566447005345007,-1.879081598699168,-0.40565771657907973,-0.5597992894361323,-1.6974585688503687,-0.7252108956573389,-0.11080547454626793,-1.394072522408755,4.895957930760934,0.7017518965954223,-0.3568137089617219,-12.379319143647036,-11.362499684718474,-21.30749627327201,-11.404336265518191,-11.074531442658737,-21.08970430330067,-12.068746761855655,-9.60477506625454,-21.881689132896135,-11.784681868958206,-9.101702454641043,-21.744947366896614
31,-0.12752109493286948,-0.0071916989801938565,0.22176641212881093,0.9938392328442738,0.028970812609255082,-0.10697480892284324,0.0008133462896388863,-0.37537595234119664,-0.41278347311467545,-1.6076301235761086,-0.4067691143940773,-0.3548437427497106,-1.5864066379705355,-0.5219613539327614,-0.606933935796203,-1.8962724704009828,-0.4303608492728975,-0.5991068158643394,-1.7193597624955677,-0.7305300403625791,-0.17921551895848548,-0.640172837258782,-1.553775657531625,-1.4156610373504583,-0.01781481330608746,2.396154330992441,-1.4747048183380154,8.157893910784265,3.58328514076887,-2.9583479231749177,7.459262317398179,0.9992157259215387,-3.235516913291076,7.580745297912606,2.067805139717148,-1.0896218918755818,6.726980153300357
32,-0.13236453248862656,-0.008946103250286858,0.2161887079841985,0.9921513399466813,0.051700628446950364,-0.11385277463739768,0.0005562082004236172,-0.43887980939569704,-0.43333955394119744,-1.6668421641377158,-0.4411486238665075,-0.39025030594415344,-1.650381292242028,-0.5628701268536198,-0.6271493688930171,-1.960473390847064,-0.48169149537316064,-0.6020852346658674,-1.7899716044971195,-0.3549041868805813,-0.1764582047288989,-0.49991016762941043,7.423627459225286,-1.4235047410888526,-0.7947320999665218,-10.124238570030634,-2.9011329142200863,-12.160299819076558,-6.540003353550654,-4.4420868250903425,-12.55600161111242,-6.610221955617323,-1.2511844869092152,-12.848470793187975,-8.312987745793757,0.1841856397309926,-13.317105699338567
33,-0.13465567115871754,-0.010792264735259354,0.21193020287365177,0.9875564328052971,0.1006725059084773,-0.12081904336143824,0.0003119939292248356,-0.5624931373132341,-0.481881864585453,-1.8320254949083044,-0.5280701559598517,-0.45441050276124245,-1.8188230075727778,-0.6499173514530081,-0.6302966249685672,-2.135688276287715,-0.5862182592607214,-0.5953889270978246,-1.9675500130042336,-0.16180820870222443,-0.19117542084817507,-0.383612747507127,10.905948354641028,-1.5565019052765434,-1.2472024244540105,-13.18516584745532,-6.227669462385586,-18.498435853306898,-9.671091605301148,-7.761198323829453,-18.77816282738269,-9.725082152380082,0.22291944308796166,-19.64124485868609,-11.37579356307408,0.9108897140892935,-19.75169981932976
34,-0.13755889113196634,-0.013344009356697693,0.21173949535944825,0.9829911467454617,0.12867213261406782,-0.13102992018185278,-0.0017457736757440171,-0.5773023118307281,-0.49469732894491597,-1.8271303257534617,-0.5226922842896731,-0.48703162625136853,-1.8203407862503616,-0.6963955494938671,-0.6200896657324116,-2.1388445454563048,-0.5923813984487429,-0.5661589772838357,-1.9735387122523673,-0.3452918874998505,-0.2935069744843127,0.15719653073856518,3.0092576158100672,-2.481941167038391,-0.6189505062803542,3.8833161528373568,1.744452893631846,9.00186991890305,5.221423267230557,-0.1600920005322348,8.281109264461682,-2.0607043202070052,1.3988350168581203,8.53006093550115,4.288865836757351,4.559640969393554,8.121187703990692
35,-0.1414166890223777,-0.01682403711994012,0.21474245796700211,0.9805878231085673,0.13271044840162668,-0.1442623414931728,-0.004882098232039879,-0.49926382492046334,-0.44890090668625904,-1.6756644429207543,-0.4374715123863858,-0.4542049730978011,-1.6751309378278347,-0.6922631006189683,-0.6030758202722445,-1.9890556587253965,-0.5142167274077747,-0.5014871459205396,-1.827883591470828,-0.4062592146854428,-0.38405651501138527,0.36871828118964095,-0.39167111394049986,-2.8680947450997802,-0.2547444118759939,9.58722084222132,5.963887233179016,17.97115376495329,9.97249559647545,5.106350995859961,17.448414027123352,1.7664552713241584,1.8390220211555168,17.932942683714305,9.41743120027056,7.47279789296163,17.56976427147368
36,-0.14562567731475062,-0.02119635670897981,0.21906769307245277,0.9794259804119536,0.1245189536930042,-0.15856168000868368,-0.008830215065706385,-0.39121137541785517,-0.37819244501711213,-1.4750646194012251,-0.3276207260039682,-0.3862389678342776,-1.4775184149320804,-0.6591084285224621,-0.5833664984291898,-1.7882522614054974,-0.41378707279770505,-0.42663721549046757,-1.626150065785153,-0.4222838092309335,-0.4705643433935883,0.480335556030599,-2.604707423198679,-2.9763755107129453,-0.0874556462813237,11.37640699903125,7.605419960876269,21.01303613392927,11.575525613790017,7.719533351903701,20.895763429291577,4.382976240719522,2.075131132625498,21.050966656436536,9.465532950227779,5.972991434722689,21.8832539557393
37,-0.14874160062554523,-0.025036337657286554,0.22321835791765562,0.9759179707878372,0.1430891407107729,-0.16425564266057874,-0.011388413329451025,-0.39210943536245646,-0.3429949088979192,-1.4659271861873437,-0.31685226694135704,-0.34777649003477634,-1.4648929259650878,-0.6905196253014432,-0.5721610120577076,-1.775744891995177,-0.4125606501155305,-0.4121619685253573,-1.6009295285001242,-0.27463931141222264,-0.3508372461375249,0.35142038914207424,6.420575789918027,-0.3157473876319065,-1.3372700968591449,-5.023403057550761,0.9268042463402676,-8.103157449146133,-3.6465218606546728,1.3388675412549678,-7.661975354248956,-7.439153778775782,0.8298760619819792,-7.97232573349531,-4.09283605879266,-0.7691779663646499,-6.553638451715369
38,-0.15133823611338446,-0.02839562297279555,0.22569351636730978,0.969348271618445,0.18523773263013588,-0.16093957739759754,-0.012221421662885283,-0.47567543036642834,-0.36895580238557624,-1.610225995566378,-0.3878380796731857,-0.36936499786557603,-1.6053216764661309,-0.7948198646853237,-0.5649741216007887,-1.9225216676562447,-0.4851389043202116,-0.44431723976935744,-1.7345333528189277,-0.2528838849454963,-0.33075831603405353,0.18371217761297556,9.277858478348115,0.890523824644111,-1.8549464874010946,-9.839946809503806,-4.7579083397831905,-17.288185568425487,-8.69976372510312,-4.327340572190869,-16.94973211795142,-11.554358012276204,0.6717094030780816,-17.722121430535694,-8.781411931571824,-4.870980165208108,-16.478434632976253
39,-0.15482308342206472,-0.03214897296990659,0.22793361149105265,0.9662191454760396,0.19939970302253215,-0.16241470053713314,-0.016786494556961566,-0.4638797154644783,-0.38118836319817495,-1.598643026977103,-0.37506711025094364,-0.3798378445352939,-1.5936446983981782,-0.7832042285765087,-0.5312200371449828,-1.9155651214652358,-0.49927996628078686,-0.47598956256829345,-1.7220958033997276,-0.3823976776819627,-0.39492554329223106,0.2434249453367932,-0.30217656255317354,-1.2494922276548919,-0.9316866036867785,5.9973765347015195,1.1986508889574596,9.379903663151518,5.723295659564163,1.3338569275223013,9.299017163500476,6.680456740988594,5.056678612741777,9.04100178239279,1.944451714437703,-2.1400930175540105,9.322670018566177
40,-0.15785297428758538,-0.03569552691455876,0.22915962131887593,0.961392025760396,0.2216828278786045,-0.16185626020560628,-0.019612436368850624,-0.49072754772548405,-0.3987088560659247,-1.652944603541376,-0.39833382290860686,-0.39276864135467693,-1.6457351716125836,-0.8177226667365437,-0.5227462486231004,-1.9669500006933087,-0.5371680343482691,-0.5145023655622412,-1.7733627284906779,-0.26966670334263004,-0.34096216516127686,0.03967055169552019,6.500811767976808,0.48944965524320455,-1.4852630212106026,-6.510537787574097,-3.695051886201884,-12.035175415491517,-5.942788737004669,-3.1202596827109863,-11.7413991467062,-7.84563491099252,-2.0463023372097413,-11.551634236218513,-6.459686783662662,-5.081973956402901,-11.667118781832155
41,-0.16132022690343323,-0.03948449449924001,0.2299563136433488,0.9596074262029001,0.2268984210804708,-0.16456782190535887,-0.024251310908094657,-0.4625862083445923,-0.39909081063767154,-1.6139320912761055,-0.37167474828068825,-0.3905636222465795,-1.606674334334169,-0.787531077965154,-0.5043646928770056,-1.9282631827585572,-0.534953016788242,-0.5404281451261979,-1.7354283158860306,-0.37329035516254266,-0.3946549662634116,0.10000644545010581,-1.5776025045406892,-1.4190214314848149,-0.6387787195829661,6.8577655167018365,2.2706771166386908,11.046788923787954,6.467523853974735,2.4345778983655646,10.975948490850698,7.702636573987685,4.030276272112772,10.891136549465807,3.4763737990063537,-0.7067917966646596,10.713490329169103
42,-0.16390871418606892,-0.04294867133827688,0.23001074707089014,0.955469166624097,0.24291166758742672,-0.1655178994583061,-0.02600804374533774,-0.48726899003482166,-0.40763847746436904,-1.658736358040867,-0.3896012228939518,-0.3926979650741148,-1.6491825660759813,-0.815366088957141,-0.5082128012823564,-1.9700499976128012,-0.5644355593495146,-0.5484793268318755,-1.7822288190567406,-0.17707019936744783,-0.30128174717845013,0.009032421050373152,5.072285560951171,0.1795756345018037,-0.8128474108855015,-6.750992713336882,-2.7175186187978504,-11.428188791037769,-5.238248118831625,-1.7761721007408122,-11.097820412345156,-7.2990557014561945,-2.749969036738119,-11.094437319941829,-5.1283571909083925,-0.9561836478097949,-11.701459322926926
43,-0.1646242307361974,-0.04532679994033382,0.23062139243106783,0.9476653016422735,0.2734804389242416,-0.16303890754098224,-0.023605936052316784,-0.5866446585361725,-0.4594677440716958,-1.8214441982304896,-0.46638057251517984,-0.4337351812787728,-1.8087241474984939,-0.9150945838843887,-0.5448094678034777,-2.1335254062349986,-0.6285030719394762,-0.557724303275236,-1.950220517151084,-0.01056838967244551,-0.20145675208842656,0.09460370153638031,6.916355423390351,0.6031782881698011,-0.689047603206102,-11.407151644753373,-6.696135350425549,-18.448316467325206,-8.862813505582693,-5.644304641567613,-18.172448170001395,-10.875952487467782,-2.674566953763804,-18.918460229578034,-7.12634280765601,-0.8119684335205684,-19.121713801570216
44,-0.16590920735150527,-0.04773732729815234,0.23184757974051626,0.9462623551798263,0.2763935842116342,-0.16610443182208245,-0.024565412783790236,-0.5844444529654098,-0.4769893546076746,-1.8171420417423714,-0.4552091337240905,-0.4485650170093305,-1.8051177505963911,-0.9020079474764826,-0.5271266526553742,-2.1338866173152655,-0.627014369331567,-0.5548542286785353,-1.9497362340991296,-0.1812706420312316,-0.25338431440037057,0.14097887512456103,-2.298053674846508,-1.2632920876354934,0.17265974139861173,5.390297559272041,1.2457830821530107,8.89628515119505,5.582552998915618,1.2361533369499094,8.745422558304314,6.5446914796787645,4.263106774597885,8.574933220744567,3.5136619746154847,0.7584603630186321,8.807032214997102
45,-0.1673336122756925,-0.04990005429761794,0.23337024397442457,0.9475793068996933,0.26844767199242014,-0.17117884221302987,-0.026964949767323457,-0.5494506425219782,-0.46181236944921317,-1.7633650378758037,-0.4161491626144572,-0.43119333340976296,-1.7513340368199357,-0.8615744579790987,-0.4934472482948246,-2.0805285870108055,-0.6002040163038692,-0.549345520529713,-1.8949572772232064,-0.12280514093845185,-0.19503149512666007,0.1533036352314488,-1.3736101018331213,-0.9925310079845933,0.0676071217939605,2.6457539607009357,1.622023251410046,3.783984820066399,3.144255637476746,1.929819358162513,3.8584136154138307,2.915490241191423,2.915916428576299,3.861510247611046,2.3312720328120142,0.46250202295433646,3.955231408339783
46,-0.16844560153976781,-0.05167976598938987,0.23478868834710923,0.949058576282699,0.25987271875384077,-0.17573558672372724,-0.029512580209316727,-0.5198329573522672,-0.4399714486451693,-1.7288712624471108,-0.3819877510658523,-0.40646737515626713,-1.7159053500877903,-0.8306686290803067,-0.46272050418153265,-2.044936942870698,-0.5732634819905467,-0.5447657766868932,-1.858363797403608,-0.10459714175093629,-0.1666105397277986,0.13173506951344716,-1.9789119823938903,-0.9932773384374332,0.057323658138375366,3.0987282764945276,2.464734656556082,3.312670772987549,3.523952941741406,2.7426610915766356,3.4164518737180267,3.1555890362895855,3.1454286642106157,3.4269789767268675,2.878573527133429,0.4490694573583092,3.525162365248303
47,-0.16946846777799704,-0.053242647681493595,0.23590388918424182,0.9514380631768486,0.24723599226469617,-0.18042453001263792,-0.03296915280829694,-0.4804753485373854,-0.4086379446522719,-1.6902134395907142,-0.33941247880655157,-0.3729051684680462,-1.6762492173902095,-0.7909562586883656,-0.4261173666308939,-2.0052991087637753,-0.5381158641378081,-0.5401081434222205,-1.8174058505526045,-0.10025736110439787,-0.1484974956702173,0.0971169384345833,-2.939869738710105,-1.0895956489344605,0.03214586720626972,4.303802391286164,3.48108244315742,4.127747832854817,4.576624790466346,3.683974968610588,4.231236924485784,4.31984136438375,3.9202534727678793,4.216745561576763,3.825192898030041,0.45868594694473613,4.357732925267324
48,-0.17037231263827252,-0.054519713490832365,0.23664004927380206,0.953897092717081,0.23364135111177875,-0.1847664582122236,-0.03678874116184961,-0.44308057273335916,-0.375023439965767,-1.653616805604885,-0.29887440679346894,-0.33695398491097023,-1.638370339006837,-0.7541786080756907,-0.38945706256252605,-1.9678587346170608,-0.5021258418151763,-0.5364182756670904,-1.7790959116690743,-0.08448615944651626,-0.11469166615030185,0.05728822938809856,-2.795763792321756,-0.9747814093969545,-0.026548106526950513,3.4854694618297137,3.296613482508366,3.4503553147176884,3.8194946310625015,3.537320168419481,3.5858705147838688,3.3918358306935517,3.5355593033628194,3.5274271351476716,3.510720017910279,0.31969685419525007,3.5909745865402893
49,-0.17116051994964662,-0.05552412927479809,0.23700627514129632,0.9563160082174946,0.21966638438632666,-0.18853335095429188,-0.04076208502445891,-0.4088582654004862,-0.34197956362153137,-1.619292487789993,-0.26133488559549833,-0.30167750700769813,-1.602826926502572,-0.7208955878137423,-0.35562409410182544,-1.9326183470491909,-0.46663050469183537,-0.5337104439275434,-1.7435810750532514,-0.07892640538438428,-0.09937241329451878,0.0370205575551268,-2.819330853064519,-0.7953490132334593,-0.04792962302215799,3.2749393676422702,3.2738526944146176,3.433509262593892,3.5909497744344336,3.475263157844741,3.512448500437052,3.199946056669547,2.879429421002102,3.6323446469660876,3.487646401599064,0.23256297460083544,3.5292187342002355
50,-0.17199014790754347,-0.05670692356545814,0.23763123916066117,0.9584376566315714,0.20807854426823236,-0.19026310299759253,-0.04359506168733214,-0.3801147123971218,-0.3104168130913692,-1.5858720984039918,-0.22953048878940782,-0.2686668207097089,-1.5695170535156744,-0.6921467976146254,-0.3397003679925674,-1.895668814018134,-0.4344479720297572,-0.5319103039558803,-1.7097399664940238,-0.08388052896599293,-0.13055863054152492,0.07471373112282123,-2.2015449281967934,-0.2894646429303432,0.014740463681092388,2.7154809885675992,3.111686198972772,3.3006879862898275,3.0243964093291713,3.2202999210588827,3.250911484863621,2.7346250913815338,0.9459982507564999,3.6780844698118766,3.106804238669532,0.15723269138471732,3.3161511233785648
51,-0.17283550241193987,-0.058191376204816424,0.2384281078521722,0.9604718718655438,0.19798975887295664,-0.19031780924525707,-0.045529882721272716,-0.35244260844815245,-0.2789663590478279,-1.552268626002689,-0.19885012705917773,-0.23667531408488476,-1.5366182036979916,-0.6651424753945346,-0.3359498169560437,-1.8588190622394105,-0.4030275618830522,-0.5281869955916223,-1.6765125471716833,-0.08234736343856547,-0.1599314794995795,0.0806061483774591,-2.035962927371662,-0.0016162082104696108,0.057678338286936276,2.7939816398035506,3.1800491328507277,3.3907498952599795,3.1064428570735627,3.213365039111629,3.312688308490496,2.700902313274158,0.09707934779474413,3.6649944011188094,3.156592296969193,0.3334792253528298,3.3700194163792645
52,-0.17352324976285313,-0.0598418341148307,0.23905414833747923,0.9622196200018851,0.18983722236624212,-0.1895526682107736,-0.046529752437271935,-0.32958078102462696,-0.24919096483468764,-1.522782361846539,-0.17213458796010178,-0.2065268451552113,-1.5077619711294024,-0.6407639659943276,-0.33739367083798005,-1.8276671393626,-0.37477298367618245,-0.526385049511098,-1.6475881853596,-0.06061787160365875,-0.1678448338480364,0.051251761835782665,-1.518603684023945,0.15977642458305488,0.1293813799837649,2.0700212558108158,2.861413022577348,2.7462669748150375,2.490937565614054,2.8960538148781403,2.691932684478082,2.317800678627667,-0.2648204809600056,2.851842427253767,2.676326421437756,0.10642547243532613,2.6749406518067387
53,-0.17402842708564817,-0.06155223086619069,0.23943220569701265,0.963837105792403,0.18270471144366918,-0.18823449024603686,-0.04695528293839055,-0.30929432394652934,-0.22143773443917675,-1.496125867711211,-0.14737350483698775,-0.1785232616624043,-1.4815314645438402,-0.6179166116102988,-0.34105375826157447,-1.8004860694473805,-0.3484405957325347,-0.5258716551031092,-1.6216011971408588,-0.04377308691748565,-0.17174521028592818,0.02933322481631352,-1.450990629738596,0.2758955625962157,0.16467672964575594,2.024449221815751,2.7286258112467108,2.625878844335037,2.4883569914620645,2.7484228278735094,2.593776809186492,2.278424805212284,-0.41671744564418295,2.6518473408837866,2.622946816961171,0.02305815526074968,2.5660451196593628
54,-0.1743345623496344,-0.06316164738383619,0.23957776487025573,0.9654127540062358,0.17603344461412554,-0.186453425966386,-0.04717584895662624,-0.2912507267887809,-0.19585524258369408,-1.472557870701128,-0.12421202103467464,-0.15271606592690035,-1.4579637319022114,-0.5963331646003394,-0.34573526077425504,-1.776995395062694,-0.3237033783308325,-0.5261112315750152,-1.5985972750102633,-0.02212888483356466,-0.15413069005018926,0.0058163162917766655,-1.338588400467696,0.36767177300952103,0.15702847973522863,1.70270119977374,2.46040607739232,2.2333465745624546,2.23789570673188,2.48511864656078,2.2462828332200204,2.100445185133357,-0.49271835789583057,2.2083964304511734,2.402260680800716,-0.04571347837140181,2.1786654720827867
55,-0.1744572638702145,-0.06469187137957566,0.23956329917899694,0.96708246688749,0.16901342467187686,-0.18424959774387006,-0.047308035794280404,-0.27271258829966877,-0.17115443690487525,-1.4489116336731733,-0.10035734908121093,-0.1277783256513358,-1.4342522808540754,-0.5744847622242754,-0.3507883071706521,-1.7535996669441754,-0.2987088680162129,-0.5265147696535404,-1.5753530063180694,-0.005333911861179351,-0.15131849034024097,-0.006185686269195414,-1.5003558843399878,0.4485301124224975,0.18364338618711198,1.9295369839970946,2.4791839994170832,2.4223084677939943,2.462893853354295,2.502647653974196,2.4297016659056987,2.2333656977751635,-0.5129729540921841,2.399862168939658,2.5527550680955717,-0.038450460718980395,2.3923188202809813
56,-0.1743782356250582,-0.0660879726247053,0.23940751517353911,0.9688078925963705,0.16177367860078812,-0.18164808131521332,-0.047376351795491524,-0.2547301880446956,-0.14720566909047114,-1.4262229876191168,-0.07675930972995008,-0.10355274269951413,-1.4113110430898266,-0.5527243207295861,-0.3560885414661377,-1.7311921190855724,-0.2739549041720597,-0.5270656819190381,-1.5529459751298718,0.01655182871183774,-0.13241507439078493,-0.021187871180978184,-1.4849098117635606,0.5279707319521835,0.18409055266540558,1.7329002769911703,2.3445067197765597,2.199746874078982,2.307958272591351,2.375210540420763,2.2308472983524217,2.1474975411039514,-0.5391517699082348,2.1681325331274173,2.436325869186896,-0.06133823586173708,2.1707831905691
57,-0.17404106308638712,-0.0671543104050428,0.239078756271789,0.9703861700183037,0.15563008290366925,-0.17860788117975757,-0.04721422574905308,-0.24281047325460334,-0.12675624175440406,-1.4094342808107752,-0.05852257411050819,-0.08268176324309619,-1.3939605730598033,-0.5343364404720623,-0.36180183622406004,-1.7149591750275401,-0.2532034831884381,-0.5281259211813282,-1.5367159727172808,0.044760208758099954,-0.0907420266301987,-0.04049084545877564,-1.1780880547993766,0.6279920446239173,0.16678641953949327,0.9423193368989283,1.871522161916803,1.4415076597895662,1.5976338503950585,1.9195439243505878,1.5051324668268464,1.691500805489357,-0.5843759443653058,1.3683863957931235,1.8995455393310547,-0.12057012077011862,1.371559682342909
58,-0.173413694239054,-0.06777538764918803,0.23857744326749267,0.9717458654050262,0.15130975482936249,-0.17504823721279708,-0.046620229626281234,-0.23915379938777437,-0.11211119873032907,-1.4006004499747036,-0.04841821905329502,-0.06742269328612703,-1.384492723780059,-0.5214940335090225,-0.36815760889725524,-1.7067853422555386,-0.23856224729066777,-0.529687078550592,-1.5285137929384902,0.07437396369689632,-0.04431256353491494,-0.05668907680734143,-0.7781341374254469,0.7637695113518618,0.1774306044635131,0.10685386044550226,1.2313965114419478,0.6251166188304201,0.7371978015592932,1.2985341966838289,0.6861632075631553,1.0938119062850813,-0.6543084618687266,0.5501411369986288,1.2526009934138391,-0.16439700518421235,0.5531892069444169
59,-0.17258209228785026,-0.06825609731568504,0.23800318078699706,0.9732910601197157,0.14603869896440397,-0.17110370351135157,-0.04583375765223361,-0.23280644029133474,-0.0985789148946962,-1.3887369249081774,-0.036272432317431644,-0.05324987012787456,-1.37246882843244,-0.5075742921628537,-0.37440584531005244,-1.6954892714425591,-0.22273786590203964,-0.5304896645166163,-1.517169623846611,0.08960297232507364,-0.04851411701035099,-0.05844999024222528,-1.2352539689706552,0.8205347618366577,0.261007878068522,0.8918341011662526,1.4352668883401525,1.4345119799281012,1.4507972016180035,1.4947594268912743,1.4369093469551488,1.5462947202664186,-0.6175774199155923,1.4000951455305868,1.748632999710006,-0.041462451551598965,1.4035432766658131
60,-0.17147789751931466,-0.0683404894203955,0.23738627606161744,0.974515565107165,0.14409629190617623,-0.16619369154998415,-0.04399237333609363,-0.23941850180439303,-0.09187538377835283,-1.388460977332855,-0.03605825820685552,-0.045690391449759886,-1.3717793167020131,-0.5049457149177862,-0.38435603208029673,-1.695633824211041,-0.21539291939696092,-0.5321659099509991,-1.5181482780483562,0.12357246335989754,0.014194121338480005,-0.06646201619161547,-0.06118748782161375,1.14099466181543,0.32290150682028923,-1.3451744601840168,0.22844667134555194,-0.6174010205203123,-0.6152578649901607,0.3379032697205185,-0.5601881290867929,-0.5677723807921193,-1.156078786794099,-0.7277364097550499,0.28847628844281037,-0.20438695425319856,-0.7874775830943714
61,-0.17008440659153176,-0.0679643183988781,0.23659754825246715,0.9756556485337817,0.14345300862959953,-0.16060631641472226,-0.041507841752334476,-0.25358477171198285,-0.09257686063763615,-1.395874397248492,-0.04307175641684191,-0.04522825767221022,-1.3785867795844857,-0.513518745533177,-0.3951439235541696,-1.704784653618082,-0.2130877782088863,-0.5337998121566722,-1.5271760328547301,0.1495819691720797,0.05315142927704099,-0.08717127224923625,-0.18396594485686335,1.2243710165350734,0.3735201152471039,-1.4409204369027595,-0.2377729196676053,-0.8072603997791555,-0.7373479903318179,-0.11844495888261847,-0.7440228660385125,-1.0002965158662114,-1.0376208123928001,-0.995025124557409,0.21304642264525706,-0.13702103506606972,-0.9542114538386764
62,-0.1684564908778537,-0.06723335854046926,0.23558628704833515,0.9770254858259574,0.14121104311509866,-0.15477024737175632,-0.03907444020564496,-0.2653781212937963,-0.09546170804822031,-1.402305839476495,-0.04824733076119942,-0.04699751980944322,-1.3843877471885688,-0.5217484167434407,-0.4036293784182668,-1.7129792561378465,-0.20926426385946073,-0.5346194469693573,-1.5345713507895418,0.17152625416903491,0.08703905896877588,-0.11027261904104624,-0.5955799844504451,1.2452439375861002,0.4001942172749116,-1.0528362884563804,-0.3143425219501724,-0.5748518986171888,-0.414594178052969,-0.20682363442592305,-0.5106767843349469,-0.7552853965410589,-0.743450091415572,-0.7349010030650595,0.46779985582981604,-0.05425851040523123,-0.6399217403604206
63,-0.16685116245124387,-0.06688350885954492,0.23496916107395832,0.9797275871898841,0.12844806932280034,-0.14897554424332535,-0.037963608939874084,-0.24165177288583353,-0.08261350408673247,-1.376027220255284,-0.020502883852307682,-0.03373058023788809,-1.3585245597718674,-0.49900607123221663,-0.40507864278128103,-1.6857047376420276,-0.18066122469071277,-0.531036186777619,-1.5062246178852257,0.15344173511249967,-0.00301620245799459,-0.014647934979734205,-3.381903872409535,1.2256267709016921,0.5372827085617667,3.863020028078809,2.1814551172112533,4.084933600327912,4.174040911786508,2.2019255362006698,3.9846098418061486,3.25186946985911,-0.34370188452294514,4.425184236485435,3.9750751671810196,0.5412322732151216,4.421290554877796
64,-0.1652257785795402,-0.06713948141116298,0.23488238781339493,0.9827791235340056,0.1119044000362383,-0.14240036927716615,-0.03667062077452962,-0.20197224756537926,-0.05472323829743209,-1.3336411560908652,0.022466040385939433,-0.005779579393593043,-1.3170944293069258,-0.4643672586250072,-0.4107736250301796,-1.6394821953853973,-0.1397714214808914,-0.5202647494452514,-1.4621855799658088,0.17025058196277776,-0.039778476389407874,-0.00698848197156288,-3.2966147273899056,1.3200296026766287,0.6468402938193346,4.015028797884434,3.1273947638643906,4.332156232607291,4.366488402344061,3.129872552686075,4.241750403603891,3.576755917517615,-0.6774231628912604,4.696372340130787,4.129846422125039,1.1475711117451786,4.502666564411554
65,-0.16342822622548625,-0.06728296371275608,0.2342694150958507,0.9849634345949666,0.10245791533201001,-0.13482862444802027,-0.034214764739245035,-0.18222451762948294,-0.030840449733213243,-1.3089424056862913,0.04629622573794816,0.01786710966881495,-1.2929961589136916,-0.4427508393004629,-0.4210445004849804,-1.6126605158192986,-0.11409795929905572,-0.516035399811479,-1.4365781208113941,0.1837031885617653,-0.0008650725443578628,-0.09624574268145741,-1.2325221378431062,1.6545484422516394,0.5672531567991457,1.058685484190755,1.9378588437754403,1.6238331013967418,1.4723779328111162,1.8962577183466156,1.5743629124801441,1.4760311397412145,-1.2031875255682494,1.7285154028263663,1.8077122851944107,0.04790315219674749,1.6595454874881685
66,-0.16180069012853598,-0.06674560001744861,0.23245542078582349,0.985361373573042,0.1145550397105405,-0.12288653233320612,-0.028965609233809475,-0.22517661010524598,-0.04117012680380781,-1.3421750126347283,0.007609340821590887,0.007290882746507234,-1.3268332186870915,-0.4837056873113852,-0.45810401159994435,-1.644024257875947,-0.144520289270982,-0.5340588566100432,-1.4700670163451066,0.15651992647945726,0.07456100443619675,-0.2415195817444659,3.9791157601043996,2.9486380050840433,0.45953017682245967,-6.661643760027767,-2.7402599698515253,-5.579658511406549,-6.234355805911146,-2.7211837661593337,-5.615020368924916,-7.007231866821518,-5.037367950697202,-5.531109041986178,-5.557962734507106,-1.7820014449100992,-5.981254938435963
67,-0.16018443422183481,-0.06640829437167828,0.22986462849775186,0.9864850937206738,0.1171304294022789,-0.11172243918649861,-0.02541100071173455,-0.23687685684913173,-0.05019207538462293,-1.3490520556942922,-0.0020550938325570155,-0.0023590208861301227,-1.334161129962501,-0.4865568858647921,-0.47982424684215536,-1.653742574099022,-0.15142783584273475,-0.5372134839467432,-1.4808772251163034,0.16796187806729218,0.01581759451490043,-0.2753815354497788,-1.0460463878500124,1.992036705952299,0.3617770694636523,1.3143711012075754,0.25025660083695445,1.5099270855534244,1.440336001473108,0.14673475765181093,1.4540980382534332,2.6659140016051235,-0.5546302798521742,1.135822152823784,1.4672681237507563,0.6403988707869152,1.154286195153474
68,-0.1582325556320938,-0.06604684107650315,0.2271260736593981,0.9884132879740961,0.10963992790262708,-0.10240692336126427,-0.023045182000260404,-0.2203214417929663,-0.04190817585849891,-1.3319207326626934,0.017233906218404677,0.005122751947496954,-1.3173332209415634,-0.458879681267102,-0.4773004791222879,-1.6397445494352925,-0.1331869940688363,-0.5321161352314907,-1.4636904070573327,0.21739143176293288,0.057344371537852205,-0.2577662912132606,-1.9055125322264732,1.861908854578292,0.47432538465787116,1.8494619562007903,1.1467689908689143,1.8175271910419224,2.2051836599018113,1.0036285638769404,1.716154362908617,2.782481385755801,0.6971961037960949,1.5429976021907483,2.0888404209229927,0.2830808470240287,2.0334121085946353
69,-0.1555832041540562,-0.06457864447340274,0.22490649064758667,0.9895303603461526,0.11051973809946461,-0.09096641569976179,-0.018443553301327877,-0.24395743215216822,-0.04835277590317382,-1.3512643181123956,0.002321145823945305,-0.0008200622487519574,-1.337561254239997,-0.4842698842337123,-0.4898319260515276,-1.6604049737108901,-0.13675162319982911,-0.5345444491075004,-1.4836617301167514,0.2916704396397808,0.19508589951836983,-0.20784810495791364,1.1247573824578783,2.642395254696994,0.7519134436991636,-4.333678346426147,-1.7200279070369038,-3.622949044253756,-3.200454520917368,-1.580958703068145,-3.8114994733352945,-4.900194964683992,-2.3390619983498357,-3.7248550781878915,-1.491469524228209,-0.4287079953528614,-3.870300825821794
70,-0.1527611806567599,-0.06277581765293155,0.22261132231997272,0.9911734830463297,0.10419040022560687,-0.08069553932385624,-0.014412388416517208,-0.2516805740424991,-0.05349838192821599,-1.3558760570447317,-0.004265542466604621,-0.0098657919611924,-1.3659754985191568,-0.48875425225494074,-0.49720841297315277,-1.6674063856902415,-0.12820909027478317,-0.534785476287138,-1.488440572146381,0.27428097871565865,0.17858713809481588,-0.23976860442479175,-2.405660576328391,1.8543696229956292,0.644650029255999,0.8808918915793271,0.22278019755745102,0.956903916659627,0.5907113824768349,-0.5539455827543457,-2.436988752650696,1.5103148305979552,0.1489168901215539,0.6942302068460269,1.9789805220772256,0.15200803169487537,1.0809453943259844
71,-0.15028649763278554,-0.06131313750879229,0.2209142085435316,0.9934164930348843,0.08892220333590775,-0.07135537747526724,-0.011176905901110246,-0.23139124340592215,-0.04339823011542269,-1.3329311424978636,0.009113935021293262,-0.014835514915050576,-1.3887536962654954,-0.46518559146088584,-0.5022039652615528,-1.6427658579353883,-0.09931150917059377,-0.5317283353241581,-1.4630764300804542,0.23150223360780112,0.13004317783074656,-0.12194232632569164,-3.394699923907647,1.899365108865959,0.7347900019854602,2.567475567069319,1.5243549930066551,2.9298728797113025,1.7649644703152338,-0.4451515969858314,-2.228532695921743,2.8161625691303263,-0.7938892743009178,3.240850511142481,3.359737416490801,0.4406044036924746,3.1984214711340218
72,-0.1481954842465581,-0.06006893342522217,0.22034658676584118,0.9954683476046984,0.0708688096882507,-0.06292186010315198,-0.007824337141377063,-0.20528336031176012,-0.02618821812776732,-1.3044191191381087,0.030120408857366977,-0.017755996105660133,-1.4104284011713728,-0.43403017598023697,-0.5113635199879082,-1.6081193600112875,-0.0638397905479684,-0.5230687795841088,-1.429673407777265,0.19383438320382612,0.11922415131288022,-0.018715780501631453,-3.6652750003704004,1.5801546377093258,0.7837855568082542,2.5029102464609045,1.2841240747171778,2.22225711464599,2.241889155758241,-0.21419076197479506,-2.0061454652719006,3.2481584184889836,-0.9290757551809351,3.543838333267582,3.608982176639777,1.3892841194250387,3.3194376329341466
73,-0.1465758080318246,-0.05906831187626389,0.22060176037354917,0.9969538929695436,0.05329446859764949,-0.05674683472478031,-0.004736207183521256,-0.18363807057811524,-0.019204340279482753,-1.307384510746666,0.051602337869928475,-0.018883526811632998,-1.424854101049302,-0.4019756619294039,-0.5193516223268788,-1.5728444421376655,-0.02894251561924295,-0.5025103045871522,-1.3968591596894184,0.13938264625047925,0.08406345747425908,0.05058251632926113,-3.337562766140712,1.0472231608035159,0.7229406686748768,1.9813243692707443,0.4842985690322831,-1.8039385743228544,2.049578714315209,-0.046816751102378436,-1.0271937318879072,3.1470151440835488,-0.692173007001172,3.5130785251722285,3.4094698995238013,2.4021267525587997,3.285676104445555
74,-0.1455021742097475,-0.058544690665452516,0.22155404138562892,0.9979010165539576,0.03668299639749568,-0.053323806375421896,-0.002119105829497473,-0.16322566581967551,-0.015159675781652605,-1.3356725337047037,0.07294409803534598,-0.018269926701065083,-1.4275273190098499,-0.3695173834078935,-0.523963654213294,-1.5354812237860593,0.006536531197196821,-0.47862382951101917,-1.3602471360090103,0.08913764312331832,0.031614092679150586,0.12411298312924308,-3.267917559992245,0.48114690079078704,0.6495116467632526,2.0925478288882715,0.39314653143084105,-3.1842801945973087,2.1863771304992152,0.1500909109418279,0.21173912985969737,3.315367585866703,-0.2969354732637234,3.8344188548378737,3.5557862748304063,2.003244198057636,3.909603171189202
75,-0.144831231186093,-0.05852221048651761,0.2231603785891384,0.9984104696013204,0.02050831372147345,-0.05249690377861415,0.000135471147844547,-0.1413106933354345,-0.010882700941916922,-1.366116492074095,0.09562584188723902,-0.015304004205455574,-1.4195359797122398,-0.335457886326526,-0.5245262523890987,-1.4964494452080799,0.042152466476225704,-0.4611362043193729,-1.320408530695014,0.05349030826048535,-0.0167086326720622,0.18168549059076103,-3.157537589560603,-0.003424712213192789,0.588342590203863,2.2610050847359573,0.45408379490851003,-2.7717797676970983,2.3239544059125303,0.3920152620612844,1.1369855035769385,3.4535174785386262,0.09484961168375615,3.933451781277697,3.589696188287628,1.8810313978751634,3.92422498757172
76,-0.14446007162254001,-0.05896242095220931,0.22521484403849096,0.9985462197286064,0.0048256755849785705,-0.05364987393060047,0.0019623832676704234,-0.11694609794111717,-0.0061283307687041225,-1.3852057694299165,0.12034490348101445,-0.010101748633007317,-1.404373651623591,-0.3000234485141024,-0.521665547547197,-1.456196034100759,0.0796646420012197,-0.43658430593663144,-1.281397230878077,0.02970124361248552,-0.060861378417908354,0.2186879812705447,-3.093456014145813,-0.344158455403165,0.5034154536536757,2.555338862786896,0.4806714682787912,-1.253080639292348,2.5679222872795635,0.6079333525090528,1.7157233338653932,3.6083830507557715,0.4008905107166462,4.065421042724557,3.8027264563466043,2.48993324405622,3.9981460164456433
77,-0.14421717958297214,-0.059968161806731125,0.22794145128971008,0.9983070865278645,-0.013725845652870525,-0.05642114065477834,0.003349184464061606,-0.0829320281686787,-0.0011164582173510838,-1.384920627233418,0.15418886608550897,-0.0020027800232825534,-1.380970413286974,-0.25641660535594246,-0.5151363102104541,-1.4064372649276253,0.12539419557422873,-0.41185852853529176,-1.23184042890343,0.02261860921091985,-0.12424877571619557,0.30181222268105223,-3.9535902268981733,-0.6729518861401876,0.4550194151352134,3.8415112893391896,0.5249065748573156,0.813669089526846,3.7730257492790735,0.9413124910624078,2.655636552242071,4.741712645361698,0.810267359130913,5.3975307950069515,5.036608534511784,2.952704529380601,5.227914335713414
78,-0.1439222422354059,-0.06118928137547782,0.23058963865822876,0.997758777389119,-0.029069689017814933,-0.060083245431429545,0.004730638625495256,-0.05291794566422566,0.004456641902645026,-1.3750867846508728,0.18239014088076802,0.008379436128667192,-1.359868943728561,-0.21682863466803642,-0.5068005544093175,-1.365546989264041,0.16395667141041909,-0.384815177404724,-1.1918681360956933,0.03335823946062175,-0.12212269403833445,0.24475012322824372,-2.6076853389357244,-0.7537150033281883,0.42733921312324386,2.587525610520248,0.5683401050735973,1.078487616812183,2.371196937733085,1.0610860580558952,1.8635107385494725,3.559960968702129,0.8513917121056144,3.4806029490385377,3.3548488575011195,2.2558222840420252,3.5055699507426366
79,-0.14362122729362672,-0.06301967932758712,0.23397855874412668,0.9966433679645322,-0.04961630880299774,-0.06487376487620572,0.005622599386972728,-0.00867776304029936,0.01093677448195482,-1.3513211486434058,0.22449883502927748,0.020822251901362176,-1.329026921643688,-0.16458356771548513,-0.49482082849121645,-1.3078162357752516,0.217998818978996,-0.35543817892513585,-1.1347340441519889,0.029770070645926038,-0.21851714132169403,0.391994737128268,-4.77023644397667,-1.0968649403541855,0.36714420491810573,5.301339695150003,0.7248946787841918,2.9981636721963616,5.065487197582053,1.3902298557247954,3.6720174209462377,6.058464005064719,1.3885103788060764,6.747962287482453,6.525429784620296,3.8645033034956446,6.552011787994704
80,-0.1433032490042062,-0.06568740768255625,0.23864754457674275,0.9944631932850881,-0.0766376565495992,-0.07167163550713872,0.005727430797736408,0.053189322038917956,0.01975632057700984,-1.316101961971801,0.28356930864729885,0.037322915464006436,-1.2865645698912485,-0.09453900576850151,-0.4785763187202452,-1.2332297198742512,0.28933228478888323,-0.3170959362742534,-1.0676122254915204,0.031415011051997455,-0.29693878475614305,0.5139933534498544,-5.751742347929676,-1.535109255675809,0.24205136665077837,6.681692633309187,0.9991064001467433,3.785754893152709,6.366434086751306,1.825033447898027,4.550277345957657,7.532696561928838,1.7812653513227021,7.788536858122867,7.146309052121433,3.2726541999167607,5.819991666421852
81,-0.14322164503316967,-0.06818537874999753,0.24291059726065656,0.9936126854448345,-0.08323331579880164,-0.07584180020951178,0.00735308134198195,0.056425919937730454,0.013032413042563333,-1.3227085655562358,0.2869784245759547,0.03750288571817454,-1.289522747988006,-0.07994947042308255,-0.477583666724475,-1.2140505794420027,0.3039490781783028,-0.30223419561163656,-1.060107872699743,-0.007086165164059754,-0.22846678142416021,0.3695723961873565,0.6189452811896943,-0.49826109250251355,0.4187281214833858,-2.4315651841890897,-1.7130339550371327,-2.6690916357024195,-2.3146789673767323,-1.1083075190804965,-2.4510712284654876,-1.8765190463461294,-0.8741772946060723,-0.944882259545597,-1.0519383575096202,0.34198226777574103,-1.5385765548460457
82,-0.1433021153756872,-0.07060652097257088,0.24632668754418482,0.9928127409277389,-0.0889296512964831,-0.07963180805774277,0.008552994638796102,0.06014324631498733,0.007258646713537365,-1.3225742465064874,0.28999134126621934,0.035777376881566895,-1.2874856105729762,-0.06850046018400904,-0.47631811500200844,-1.2051581401795681,0.31465291823447883,-0.2968686277654614,-1.068565368280969,-0.007224341769396638,-0.2472041203576969,0.32041894703477014,-1.9201843359172563,-0.9282746927176255,0.1828450336454545,1.6333315398134347,0.15664349435774647,1.2511790686612043,1.5103637777737962,0.4438841642941876,1.3944144566067807,2.461092597937955,0.7267901439740386,1.7299737164418711,2.028873312871614,0.6781246743634904,-0.3576298911257079
83,-0.1433501614649536,-0.07308441148162595,0.24913254696858814,0.9912480091086928,-0.10066807008393319,-0.0849648670985966,0.008619481570673654,0.08367064876083229,0.016748200656777724,-1.3023118213477112,0.31251683570808303,0.047029748950029406,-1.2663448038605007,-0.03748771965826806,-0.4629313299340065,-1.182760368796654,0.3406145791369046,-0.28846868848400053,-1.0659518516675361,-0.003111988330456407,-0.24736338104718258,0.25245979331243285,-2.5688182838392377,-1.1408703498064843,0.06496933375685986,2.6756103522446675,1.4015783018875194,2.393072505364007,2.6001403557508564,1.5197339585929597,2.452887886232681,3.3587446290551686,1.6868907771241841,2.490054281587285,2.851860438427361,0.9428666332353337,0.614396033153406
84,-0.1435363192881821,-0.07533495834965724,0.25087372337444114,0.9905877286338727,-0.1038322341298499,-0.08867351862563566,0.009582595167203145,0.08088795232916313,0.01904070599162933,-1.3044432626408822,0.310630582966608,0.05077211124638756,-1.268183820710154,-0.04101241352154098,-0.4574747039806465,-1.1830413705968674,0.3430967320321259,-0.2889646424182085,-1.0762500184468544,-0.028571495590064087,-0.2151675445007473,0.12358225263373691,0.23980657702311017,-0.5564172867232543,0.22565809801307712,-1.5953647395791364,-0.4832823317790374,-1.3912655700111543,-1.4638106363686183,-0.33387560945799954,-1.3683520385176453,-1.9907500339746813,-0.1481147066646474,-1.1723482778225116,-0.9475474916091052,-0.6524557088904474,-1.7865804123968858
85,-0.1438146564331756,-0.07753552880172432,0.2515375263850918,0.9901840374164856,-0.10497717231876977,-0.09164456373856446,0.010799966421777923,0.0721578739847131,0.01536021990341186,-1.312087401404427,0.30243206751343205,0.048058887117344004,-1.2755645233133295,-0.05173455536585954,-0.4585243953778922,-1.1893896443637917,0.33820970332058853,-0.2946354335973265,-1.0862720759907278,-0.0269606786473174,-0.22224283371070577,0.02801896484454937,-0.4265240979965769,-0.652968866426988,0.18854348037906404,-0.5480275695794606,-0.2839275210120669,-0.4874848582167133,-0.5250595257167255,-0.21369326023933846,-0.4632101528143263,-0.6539766502399645,-0.06817027093120016,-0.4002151865934124,-0.29426348371063976,-0.4841784221330711,-0.6528210926348476
86,-0.14405580544342828,-0.07979594220683102,0.25126277253795315,0.9894150187009778,-0.10890047923754564,-0.09520055459783172,0.011638762607875257,0.07224266241421101,0.01474612814959728,-1.311947419087504,0.30242339035582294,0.0478364065946406,-1.2752358212684418,-0.051438857261120435,-0.45765196268678354,-1.1888665839380101,0.3392155632816963,-0.297032903835646,-1.0874229970245526,-0.022325932189369506,-0.2277171976364723,-0.06483080151856652,-0.9469580126947996,-0.766889368993663,0.15284541633974302,0.2586716095670068,0.07377978901899149,0.2398888663600893,0.2397247495016764,0.09748511800367479,0.25414882717929566,0.3331716575967362,0.18402116961729198,0.25555976890333926,0.27883892683697664,-0.10034205240520341,0.1344986489699873
87,-0.1442103787088902,-0.08217079655562774,0.25019796529436517,0.9880308255388764,-0.117036555320569,-0.09977807096313722,0.01191087983893122,0.08598515232029585,0.021937454046693707,-1.298931580322387,0.3155705205114478,0.05493497669199161,-1.262254555641906,-0.034356899140618,-0.4506893750413904,-1.176099498656674,0.35143906690418614,-0.2921255830664787,-1.075796448302319,-0.018642737962900974,-0.2485387502352834,-0.11381504228900703,-1.7737154647889954,-0.8672399776218215,0.14891590179528158,1.728755857381252,0.9859035205849455,1.785539956537656,1.656857169465805,0.9785858857596775,1.7276158271893416,2.2470316426889583,0.7334865610403375,1.8513087788374427,1.6562679893770915,0.783590432296106,1.645715010886938
88,-0.14452807700632167,-0.08550765262245505,0.2505648804782428,0.9853954745226559,-0.13513504032565404,-0.10286260623302243,0.012392090437239888,0.1381862476931567,0.04865603740433281,-1.2451733133556675,0.3658674525696154,0.08194750694723509,-1.2101879133003648,0.01494292360157557,-0.447734020422467,-1.120001122648006,0.4013886998089821,-0.2744876213920906,-1.0308904635795388,-0.032651684706984326,-0.38064661170016934,0.11536186629749069,-4.549274928948907,-0.5647093557338423,0.49447722180225223,6.869330923348568,3.7107975961474167,6.941230750899956,6.74504607984758,3.8331128809352824,6.848581830616327,6.3010382478454074,0.11256988685385103,7.299175043862232,6.209585539652004,1.7553613364155034,5.087445171633565
89,-0.1451299390182014,-0.08989879523751716,0.25309300734782386,0.980484115745366,-0.16456914295744274,-0.10691092015887718,0.011745258961095111,0.22073879058279516,0.07259847553632495,-1.1744184902536765,0.4542615415935082,0.12699903741056606,-1.1129508096844127,0.09698420146728011,-0.44598180767915074,-1.0133674275067923,0.4737403023743727,-0.2650666227244583,-0.9839766277069429,-0.08715874126240397,-0.4711441874426853,0.3468193577660026,-6.767436547976296,-1.0707317086971577,0.20645213466048334,8.836993692828758,1.567197506795074,5.80548209788388,9.527216522571964,3.874018208377971,9.741977955767789,9.287974308695489,0.3405607188832694,12.198219787323472,7.884148809793135,0.698386656398858,3.9630882128742924
90,-0.1464104013944698,-0.09391400532676335,0.25559164754843405,0.9803956467953264,-0.1650992076001273,-0.1065732829104884,0.014448624995653444,0.21360896156044254,0.06193436319876098,-1.1897880000666097,0.4594202173034623,0.13827564917876556,-1.1078528445500346,0.10083635589253913,-0.46501574906704823,-0.9885011887790635,0.47128999387202714,-0.2801382833672405,-1.0073268659482089,-0.1573824275455602,-0.37000981119911175,0.18996925098513265,2.9433010203389873,0.532517358610301,0.7587138951239897,-4.944633260793169,-2.7649332542307903,-4.82919886329112,-3.52933120124302,-0.6591077893170589,-3.7431101693621396,-4.236706522514607,-3.1157192232413093,-2.211435392604314,-3.8789383261614017,-2.958636948204322,-5.141119313798185
91,-0.1482373016991302,-0.0974809650769563,0.25673869524989495,0.9839712152962723,-0.14547945597429737,-0.10115315561574499,0.020110058845672484,0.14783790875275968,0.01957963337489776,-1.2501857353793047,0.40702281239129673,0.11402854647934303,-1.1644611339664748,0.035259879790745706,-0.5060514861365291,-1.0348376070395502,0.41691671711976086,-0.3226302903890223,-1.0681617269933055,-0.19511268911434565,-0.35114997298138,0.06343366318432614,4.618407500028299,1.1088139321764119,0.9023208716456756,-7.302769444288457,-5.091088556757615,-6.620763663857892,-6.120265747053797,-3.530721506419763,-6.358741561820442,-7.604997487552331,-4.752788370432711,-5.723945185604452,-6.177620292575521,-5.003020995824659,-6.548542326951783
92,-0.15010413367871334,-0.10084982551499183,0.2562817050468541,0.9886959597883621,-0.1159653094545453,-0.0911887870417602,0.02677594478508482,0.05015226613031922,-0.04241216213575298,-1.3896392822088939,0.3236736589552546,0.06572874703042955,-1.3016565244628415,-0.06986663906275628,-0.5479697138319063,-1.1732480953899564,0.33684708782738604,-0.3804088124453804,-1.2056332809095431,-0.17799644729301725,-0.331737306293882,-0.10955817122964835,6.841664613929745,2.038957934137033,0.9605087962131471,-10.948172598177393,-7.12814262942584,-17.117931638444603,-9.414318727844696,-5.906666594543256,-16.905099393112668,-11.596623964698097,-3.0126573919494244,-17.796439708746252,-8.97050139640008,-6.567511819296712,-16.877161419978155
93,-0.15171701089435016,-0.10416761323374181,0.25434006366468176,0.9931576539091922,-0.0800986127295255,-0.07836295228915205,0.03288364987229422,-0.0683293623516984,-0.12901360470980347,-1.582512821813443,0.22050182874888316,-0.010767562218939148,-1.4925326377875063,-0.19003738662105038,-0.5641510423753013,-1.3775274162355087,0.23790034897643947,-0.4605001525094412,-1.3959919483105419,-0.14858627371228683,-0.33345959055471636,-0.24806260103746514,7.622790954047625,2.394211591274637,0.720443643458218,-12.258614035183193,-9.641869121304453,-20.266891217200733,-10.766844901039631,-8.764462414128593,-20.07645704640738,-12.089065399054347,-0.8863284493372798,-21.53132147425055,-10.402003799182545,-8.959726620045133,-20.02181253032896
94,-0.15340128797001526,-0.10823261295438864,0.2525285433409613,0.9936204283878335,-0.07669163705850256,-0.07497908094446418,0.03485648456728293,-0.07150355247061299,-0.17836026820139422,-1.5878413642700684,0.21226483085836212,-0.06018673153179886,-1.4966273900795637,-0.17207057283787122,-0.5555804855745597,-1.3904971095060819,0.2196194733012214,-0.518227797504268,-1.4057443078045553,-0.17112577117369385,-0.43547859562087865,-0.15076709145563327,-2.3414516766416775,-0.2888742573213453,0.26405196534540704,5.0044115481563365,-1.735423112785288,8.23875903068747,3.772532755772255,-2.1167714506952082,8.281471215317431,7.6683639763378535,2.078500770999273,7.769666170411816,2.1735073191244108,-3.250538539039706,7.4969807890285995
95,-0.15461186046700742,-0.11270464787798527,0.2509226502021231,0.9914354249178712,-0.09711649873329432,-0.08027318516756303,0.03435694449105825,0.005761034950871031,-0.15673567526418133,-1.500549348642991,0.28007347715263076,-0.04301670186671634,-1.4099011045646384,-0.07061172421092028,-0.5116898387572236,-1.306361675289286,0.26962510716614846,-0.5129031091879044,-1.3271109121756328,-0.09328759307113182,-0.45180673073155936,-0.17224584649124372,-4.965124744543107,-1.279230287575576,0.054179242637205006,8.914990508663067,4.171170289345972,9.048919076198944,8.145888469340303,3.72077390761103,8.966266371130196,11.08524596776453,5.60071479907023,8.799776920302286,6.350863130308082,2.5517720156492545,8.17250157156475
96,-0.1554651968885768,-0.11655798902479324,0.24768974414359088,0.9918652996839916,-0.0924671766073828,-0.07936358145746865,0.03680313127017354,-0.007933286468412737,-0.15109358604618578,-1.5549618947198622,0.2735618713719654,-0.03533247680115096,-1.464741686755318,-0.08594146082162858,-0.48874095925872957,-1.3572987029272474,0.25873389430942595,-0.5093397947393414,-1.3828752910764432,-0.09164444057436419,-0.3571607825101672,-0.4144131415620801,3.6142380888616974,0.8437035874253161,0.6150279975475934,-5.870726903014339,-1.764922971957272,-11.932319811266305,-4.67339395316097,-1.2923973708149392,-11.926294376020195,-6.99800925568104,0.11127478963551231,-11.324143698337892,-4.4327094235730735,-1.3261879463110007,-11.714924855344824
97,-0.15668566965239084,-0.12069759513802784,0.24388622428040058,0.9909265965434001,-0.09994096542889144,-0.0814931113606012,0.03788345935662012,0.022681675504549394,-0.14258274693681658,-1.5142101231812564,0.2991176564644747,-0.028284241658606112,-1.4235203024278562,-0.05076307430180392,-0.47352172461702924,-1.315011520453588,0.27832719723276966,-0.5070999403597687,-1.344610052438499,-0.1259808474795456,-0.43772594812877197,-0.3680371559926409,-3.7745422929260477,-1.0712942767940827,0.13984248069744057,6.942714413161836,2.6802488564335034,11.21627532476998,5.873495039951352,2.2835215497175616,11.247270799869028,8.065307512782942,2.7460846377890316,11.120992136078454,4.863838933231837,1.5969254242210411,10.747613647300403
98,-0.15801555705223497,-0.12573195953378738,0.24155772830059433,0.9878364669098156,-0.12304940612078315,-0.08719407402742796,0.03788339677161385,0.11169691697415016,-0.10014825651819696,-1.3510143399290226,0.3772822718134037,0.009919821938430117,-1.2621199446418143,0.04026298823658749,-0.45589886533515944,-1.1506122915573953,0.35224280175564665,-0.4740355771754129,-1.1871438828714789,-0.13494308103924124,-0.5578241776832724,-0.11720222747744713,-4.875450412190405,-0.7596718763477359,0.47527986815201434,9.57226402877404,5.007376548046303,18.644193553401397,8.636620108494101,4.617548570898528,18.339933310611762,8.96663996648534,0.47097226548264604,18.952623651167386,8.710206964122568,4.300651991458333,18.067598203398383
99,-0.15906327695134356,-0.1308549999813262,0.23932553748239635,0.9872116936998995,-0.1269171573844733,-0.08755878872665948,0.04047919836584614,0.14149267436580842,-0.06283941616005162,-1.2636918778509434,0.41122248212395657,0.04451374300173212,-1.1803907478979292,0.08072085434935815,-0.46531085848513914,-1.0560531937246411,0.3881854863514289,-0.4383406308152024,-1.1021171395196778,-0.10104590364746813,-0.49097312474415117,-0.2825644561606212,1.1558844291188095,0.2147411984673599,0.6315245947968332,0.11354913872464627,2.846184522565848,4.315184809707974,1.079433844293975,2.4645207639184528,3.171807219087832,1.688017918538948,-1.6071938440399556,4.96768244527861,1.3158906792657905,2.903874433777706,4.250840298673521
100,-0.16035301917524364,-0.13557650654350167,0.23591195236498247,0.9887230506644156,-0.11534016226178076,-0.0845233224836828,0.044488020978659566,0.12411702832134422,-0.04700625883583962,-1.251681974152162,0.40674442652392656,0.05931229840461544,-1.198466417250895,0.07990204399928141,-0.4862457873918434,-1.040743266745187,0.3856375432726614,-0.4200895964809922,-1.0890207864601853,-0.1529247065414343,-0.4621457014121628,-0.3746069382894197,2.9639235153221932,0.5061416192719831,0.6527210521797397,-2.5253616064435933,0.799714294913212,-0.2366111679292828,-1.1181041309192874,0.9182876924832724,-4.334220806587766,-0.9089105432176852,-2.3192556828463333,-0.08124894480864783,-0.9732032266469,1.1510492586946257,-0.027509555566942873
